time,neuron_id,capa
3506.2999999999997,0,sensorial
3506.2999999999997,1,sensorial
3506.2999999999997,2,sensorial
3506.2999999999997,3,sensorial
3506.2999999999997,4,sensorial
3506.2999999999997,5,oculta
3506.2999999999997,6,oculta
3506.2999999999997,7,oculta
3506.2999999999997,12,pfc
3506.2999999999997,13,pfc
3506.2999999999997,14,pfc
3526.2999999999997,7,oculta
3526.4,5,oculta
3526.6,2,sensorial
3526.6,4,sensorial
3526.6,6,oculta
3526.7000000000003,0,sensorial
3526.7000000000003,1,sensorial
3526.7000000000003,3,sensorial
3526.7000000000003,12,pfc
3526.7000000000003,13,pfc
3526.7000000000003,14,pfc
3546.4,7,oculta
3546.6,5,oculta
3546.9,2,sensorial
3546.9,4,sensorial
3547.0,6,oculta
3547.1000000000004,0,sensorial
3547.1000000000004,1,sensorial
3547.1000000000004,3,sensorial
3547.1000000000004,12,pfc
3547.1000000000004,13,pfc
3547.1000000000004,14,pfc
3566.7,7,oculta
3566.8,5,oculta
3567.3,2,sensorial
3567.3,4,sensorial
3567.3,6,oculta
3567.5000000000005,0,sensorial
3567.5000000000005,1,sensorial
3567.5000000000005,3,sensorial
3567.5000000000005,12,pfc
3567.5000000000005,13,pfc
3567.5000000000005,14,pfc
3586.9,5,oculta
3587.0,7,oculta
3587.6,6,oculta
3587.7000000000003,2,sensorial
3587.7000000000003,4,sensorial
3587.9,0,sensorial
3587.9,1,sensorial
3587.9,3,sensorial
3587.9,12,pfc
3587.9,13,pfc
3587.9,14,pfc
3607.0,5,oculta
3607.2999999999997,7,oculta
3607.9,6,oculta
3608.1000000000004,2,sensorial
3608.1000000000004,4,sensorial
3608.3,0,sensorial
3608.3,1,sensorial
3608.3,3,sensorial
3608.3,12,pfc
3608.3,13,pfc
3608.3,14,pfc
3627.1,5,oculta
3627.6,7,oculta
3628.2,6,oculta
3628.5,2,sensorial
3628.5,4,sensorial
3628.7000000000003,0,sensorial
3628.7000000000003,1,sensorial
3628.7000000000003,3,sensorial
3628.7000000000003,12,pfc
3628.7000000000003,13,pfc
3628.7000000000003,14,pfc
3647.2000000000003,5,oculta
3647.9,7,oculta
3648.5,6,oculta
3648.9,2,sensorial
3648.9,4,sensorial
3649.1000000000004,0,sensorial
3649.1000000000004,1,sensorial
3649.1000000000004,3,sensorial
3649.1000000000004,12,pfc
3649.1000000000004,13,pfc
3649.1000000000004,14,pfc
3667.2999999999997,5,oculta
3668.2000000000003,7,oculta
3668.8,6,oculta
3669.3,2,sensorial
3669.3,4,sensorial
3669.5,0,sensorial
3669.5,1,sensorial
3669.5,3,sensorial
3669.5,12,pfc
3669.5,13,pfc
3669.5,14,pfc
3687.4,5,oculta
3688.5000000000005,7,oculta
3689.1000000000004,6,oculta
3689.7000000000003,2,sensorial
3689.7000000000003,4,sensorial
3689.9,0,sensorial
3689.9,1,sensorial
3689.9,3,sensorial
3689.9,12,pfc
3689.9,13,pfc
3689.9,14,pfc
3707.5,5,oculta
3708.8,7,oculta
3709.4,6,oculta
3710.1,2,sensorial
3710.1,4,sensorial
3710.3,0,sensorial
3710.3,1,sensorial
3710.3,3,sensorial
3710.3,12,pfc
3710.3,13,pfc
3710.3,14,pfc
3727.5,5,oculta
3729.1000000000004,7,oculta
3729.7000000000003,6,oculta
3730.5,2,sensorial
3730.5,4,sensorial
3730.7000000000003,0,sensorial
3730.7000000000003,1,sensorial
3730.7000000000003,3,sensorial
3730.7000000000003,12,pfc
3730.7000000000003,13,pfc
3730.7000000000003,14,pfc
3747.5,5,oculta
3749.4,7,oculta
3750.0,6,oculta
3750.9,2,sensorial
3750.9,4,sensorial
3751.1,0,sensorial
3751.1,1,sensorial
3751.1,3,sensorial
3751.1,12,pfc
3751.1,13,pfc
3751.1,14,pfc
3767.5,5,oculta
3769.7000000000003,7,oculta
3770.3,6,oculta
3771.3,2,sensorial
3771.3,4,sensorial
3771.5,0,sensorial
3771.5,1,sensorial
3771.5,3,sensorial
3771.5,12,pfc
3771.5,13,pfc
3771.5,14,pfc
3787.5,5,oculta
3790.0,7,oculta
3790.6,6,oculta
3791.7,2,sensorial
3791.7,4,sensorial
3791.9,0,sensorial
3791.9,1,sensorial
3791.9,3,sensorial
3791.9,12,pfc
3791.9,13,pfc
3791.9,14,pfc
3807.5,5,oculta
3810.3,7,oculta
3810.9,6,oculta
3812.1,2,sensorial
3812.1,4,sensorial
3812.2999999999997,0,sensorial
3812.2999999999997,1,sensorial
3812.2999999999997,3,sensorial
3812.2999999999997,12,pfc
3812.2999999999997,13,pfc
3812.2999999999997,14,pfc
3827.4,5,oculta
3830.6,7,oculta
3831.2000000000003,6,oculta
3832.5,2,sensorial
3832.5,4,sensorial
3832.7,0,sensorial
3832.7,1,sensorial
3832.7,3,sensorial
3832.7,12,pfc
3832.7,13,pfc
3832.7,14,pfc
3847.3,5,oculta
3850.9,7,oculta
3851.5,6,oculta
3852.9,2,sensorial
3852.9,4,sensorial
3853.1,0,sensorial
3853.1,1,sensorial
3853.1,3,sensorial
3853.1,12,pfc
3853.1,13,pfc
3853.1,14,pfc
3867.2,5,oculta
3871.2,7,oculta
3871.8,6,oculta
3873.2999999999997,2,sensorial
3873.2999999999997,4,sensorial
3873.5000000000005,0,sensorial
3873.5000000000005,1,sensorial
3873.5000000000005,3,sensorial
3873.5000000000005,12,pfc
3873.5000000000005,13,pfc
3873.5000000000005,14,pfc
3887.0,5,oculta
3891.5,7,oculta
3892.1,6,oculta
3893.7000000000003,2,sensorial
3893.7000000000003,4,sensorial
3893.9,0,sensorial
3893.9,1,sensorial
3893.9,3,sensorial
3893.9,12,pfc
3893.9,13,pfc
3893.9,14,pfc
3906.8,5,oculta
3911.8,7,oculta
3912.4,6,oculta
3914.1000000000004,2,sensorial
3914.1000000000004,4,sensorial
3914.3,0,sensorial
3914.3,1,sensorial
3914.3,3,sensorial
3914.3,12,pfc
3914.3,13,pfc
3914.3,14,pfc
3926.5000000000005,5,oculta
3932.1,7,oculta
3932.7,6,oculta
3934.5000000000005,2,sensorial
3934.5000000000005,4,sensorial
3934.7000000000003,0,sensorial
3934.7000000000003,1,sensorial
3934.7000000000003,3,sensorial
3934.7000000000003,12,pfc
3934.7000000000003,13,pfc
3934.7000000000003,14,pfc
3946.1000000000004,5,oculta
3952.3,7,oculta
3953.0,6,oculta
3954.9,2,sensorial
3954.9,4,sensorial
3955.1000000000004,0,sensorial
3955.1000000000004,1,sensorial
3955.1000000000004,3,sensorial
3955.1000000000004,12,pfc
3955.1000000000004,13,pfc
3955.1000000000004,14,pfc
3965.5,5,oculta
3972.5,7,oculta
3973.3,6,oculta
3975.3,2,sensorial
3975.3,4,sensorial
3975.5,0,sensorial
3975.5,1,sensorial
3975.5,3,sensorial
3975.5,12,pfc
3975.5,13,pfc
3975.5,14,pfc
3984.6000000000004,5,oculta
3992.7000000000003,7,oculta
3993.6000000000004,6,oculta
3995.5,4,sensorial
3995.7000000000003,2,sensorial
3995.9,0,sensorial
3995.9,1,sensorial
3995.9,3,sensorial
3995.9,12,pfc
3995.9,13,pfc
3995.9,14,pfc
4002.2999999999997,5,oculta
4009.9999999999995,7,oculta
4010.8000000000006,6,oculta
4012.5,4,sensorial
4012.7000000000007,2,sensorial
4012.9,0,sensorial
4012.9,1,sensorial
4012.9,3,sensorial
4012.9,12,pfc
4012.9,13,pfc
4012.9,14,pfc
4017.6,5,oculta
4026.2999999999997,7,oculta
4027.1,6,oculta
4028.8,4,sensorial
4029.2000000000003,2,sensorial
4029.3999999999996,0,sensorial
4029.3999999999996,1,sensorial
4029.3999999999996,3,sensorial
4029.3999999999996,12,pfc
4029.3999999999996,13,pfc
4029.3999999999996,14,pfc
4032.9000000000005,5,oculta
4042.6,7,oculta
4043.4,6,oculta
4045.2000000000003,4,sensorial
4045.7,2,sensorial
4045.9000000000005,0,sensorial
4045.9000000000005,1,sensorial
4045.9000000000005,3,sensorial
4045.9000000000005,12,pfc
4045.9000000000005,13,pfc
4045.9000000000005,14,pfc
4048.4,5,oculta
4058.9,7,oculta
4059.7000000000003,6,oculta
4061.6000000000004,4,sensorial
4062.2,2,sensorial
4062.4,0,sensorial
4062.4,1,sensorial
4062.4,3,sensorial
4062.4,12,pfc
4062.4,13,pfc
4062.4,14,pfc
4064.0,5,oculta
4075.2000000000007,7,oculta
4076.0000000000005,6,oculta
4078.0,4,sensorial
4078.7000000000003,2,sensorial
4078.9,0,sensorial
4078.9,1,sensorial
4078.9,3,sensorial
4078.9,12,pfc
4078.9,13,pfc
4078.9,14,pfc
4079.8000000000006,5,oculta
4091.5,7,oculta
4092.2999999999997,6,oculta
4094.3000000000006,4,sensorial
4095.1000000000004,2,sensorial
4095.4000000000005,0,sensorial
4095.4000000000005,1,sensorial
4095.4000000000005,3,sensorial
4095.4000000000005,12,pfc
4095.4000000000005,13,pfc
4095.4000000000005,14,pfc
4095.5000000000005,5,oculta
4107.8,7,oculta
4108.6,6,oculta
4110.599999999999,4,sensorial
4111.400000000001,2,sensorial
4111.400000000001,5,oculta
4111.8,1,sensorial
4111.900000000001,0,sensorial
4111.900000000001,3,sensorial
4111.900000000001,12,pfc
4111.900000000001,13,pfc
4111.900000000001,14,pfc
4124.1,7,oculta
4124.900000000001,6,oculta
4126.9,4,sensorial
4127.400000000001,5,oculta
4127.7,2,sensorial
4128.099999999999,1,sensorial
4128.4,0,sensorial
4128.4,3,sensorial
4128.4,12,pfc
4128.4,13,pfc
4128.4,14,pfc
4140.400000000001,7,oculta
4141.200000000001,6,oculta
4143.2,4,sensorial
4143.5,5,oculta
4144.0,2,sensorial
4144.4,1,sensorial
4144.7,0,sensorial
4144.9,3,sensorial
4144.9,12,pfc
4144.9,13,pfc
4144.9,14,pfc
4156.7,7,oculta
4157.500000000001,6,oculta
4159.5,4,sensorial
4159.6,5,oculta
4160.3,2,sensorial
4160.7,1,sensorial
4161.0,0,sensorial
4161.400000000001,3,sensorial
4161.400000000001,12,pfc
4161.400000000001,13,pfc
4161.400000000001,14,pfc
4173.0,7,oculta
4173.8,6,oculta
4175.7,5,oculta
4175.8,4,sensorial
4176.6,2,sensorial
4177.0,1,sensorial
4177.299999999999,0,sensorial
4177.9,3,sensorial
4177.9,12,pfc
4177.9,13,pfc
4177.9,14,pfc
4189.3,7,oculta
4190.1,6,oculta
4191.8,5,oculta
4192.099999999999,4,sensorial
4192.9,2,sensorial
4193.299999999999,1,sensorial
4193.599999999999,0,sensorial
4194.4,3,sensorial
4194.4,12,pfc
4194.4,13,pfc
4194.4,14,pfc
4205.6,7,oculta
4206.400000000001,6,oculta
4207.900000000001,5,oculta
4208.4,4,sensorial
4209.2,2,sensorial
4209.6,1,sensorial
4209.900000000001,0,sensorial
4210.900000000001,3,sensorial
4210.900000000001,12,pfc
4210.900000000001,13,pfc
4210.900000000001,14,pfc
4221.9,7,oculta
4222.700000000001,6,oculta
4224.0,5,oculta
4224.7,4,sensorial
4225.5,2,sensorial
4225.900000000001,1,sensorial
4226.200000000001,0,sensorial
4227.400000000001,3,sensorial
4227.400000000001,12,pfc
4227.400000000001,13,pfc
4227.400000000001,14,pfc
4238.2,7,oculta
4238.9,6,oculta
4240.099999999999,5,oculta
4241.000000000001,4,sensorial
4241.8,2,sensorial
4242.099999999999,1,sensorial
4242.500000000001,0,sensorial
4243.9,3,sensorial
4243.9,12,pfc
4243.9,13,pfc
4243.9,14,pfc
4254.5,7,oculta
4255.1,6,oculta
4256.099999999999,5,oculta
4257.3,4,sensorial
4258.099999999999,2,sensorial
4258.3,1,sensorial
4258.8,0,sensorial
4260.400000000001,3,sensorial
4260.400000000001,12,pfc
4260.400000000001,13,pfc
4260.400000000001,14,pfc
4270.8,7,oculta
4271.3,6,oculta
4272.1,5,oculta
4273.6,4,sensorial
4274.4,2,sensorial
4274.500000000001,1,sensorial
4275.1,0,sensorial
4276.900000000001,3,sensorial
4276.900000000001,12,pfc
4276.900000000001,13,pfc
4276.900000000001,14,pfc
4287.1,7,oculta
4287.5,6,oculta
4288.1,5,oculta
4289.900000000001,4,sensorial
4290.7,1,sensorial
4290.7,2,sensorial
4291.400000000001,0,sensorial
4293.4,3,sensorial
4293.4,12,pfc
4293.4,13,pfc
4293.4,14,pfc
4303.4,7,oculta
4303.7,6,oculta
4304.1,5,oculta
4306.200000000001,4,sensorial
4306.900000000001,1,sensorial
4307.0,2,sensorial
4307.700000000001,0,sensorial
4309.9,3,sensorial
4309.9,12,pfc
4309.9,13,pfc
4309.9,14,pfc
4319.7,7,oculta
4319.900000000001,6,oculta
4320.0,5,oculta
4322.5,4,sensorial
4323.1,1,sensorial
4323.3,2,sensorial
4324.0,0,sensorial
4326.400000000001,3,sensorial
4326.400000000001,12,pfc
4326.400000000001,13,pfc
4326.400000000001,14,pfc
4335.900000000001,5,oculta
4336.0,6,oculta
4336.0,7,oculta
4338.8,4,sensorial
4339.2,1,sensorial
4339.599999999999,2,sensorial
4340.3,0,sensorial
4342.900000000001,3,sensorial
4342.900000000001,12,pfc
4342.900000000001,13,pfc
4342.900000000001,14,pfc
4351.7,5,oculta
4352.1,6,oculta
4352.3,7,oculta
4355.1,4,sensorial
4355.3,1,sensorial
4355.700000000001,2,sensorial
4356.6,0,sensorial
4359.4,3,sensorial
4359.4,12,pfc
4359.4,13,pfc
4359.4,14,pfc
4367.4,5,oculta
4368.2,6,oculta
4368.599999999999,7,oculta
4371.3,2,sensorial
4371.400000000001,1,sensorial
4371.400000000001,4,sensorial
4372.900000000001,0,sensorial
4375.900000000001,3,sensorial
4375.900000000001,12,pfc
4375.900000000001,13,pfc
4375.900000000001,14,pfc
4382.900000000001,5,oculta
4384.2,6,oculta
4384.9,7,oculta
4386.7,2,sensorial
4387.400000000001,1,sensorial
4387.599999999999,4,sensorial
4389.2,0,sensorial
4392.400000000001,3,sensorial
4392.400000000001,12,pfc
4392.400000000001,13,pfc
4392.400000000001,14,pfc
4398.2,5,oculta
4400.1,6,oculta
4401.2,7,oculta
4402.099999999999,2,sensorial
4403.299999999999,1,sensorial
4403.599999999999,4,sensorial
4405.5,0,sensorial
4408.9,3,sensorial
4408.9,12,pfc
4408.9,13,pfc
4408.9,14,pfc
4413.8,5,oculta
4415.900000000001,6,oculta
4417.5,7,oculta
4417.6,2,sensorial
4418.9,4,sensorial
4419.1,1,sensorial
4421.8,0,sensorial
4425.4,3,sensorial
4425.4,12,pfc
4425.4,13,pfc
4425.4,14,pfc
4429.3,5,oculta
4431.6,6,oculta
4433.1,2,sensorial
4433.8,7,oculta
4434.4,4,sensorial
4434.8,1,sensorial
4438.1,0,sensorial
4441.900000000001,3,sensorial
4441.900000000001,12,pfc
4441.900000000001,13,pfc
4441.900000000001,14,pfc
4444.8,5,oculta
4447.099999999999,6,oculta
4448.700000000001,2,sensorial
4449.5,4,sensorial
4450.099999999999,7,oculta
4450.3,1,sensorial
4454.400000000001,0,sensorial
4458.4,3,sensorial
4458.4,12,pfc
4458.4,13,pfc
4458.4,14,pfc
4460.0,5,oculta
4462.900000000001,6,oculta
4464.3,2,sensorial
4464.599999999999,4,sensorial
4466.099999999999,1,sensorial
4466.4,7,oculta
4470.7,0,sensorial
4474.9,3,sensorial
4474.9,12,pfc
4474.9,13,pfc
4474.9,14,pfc
4475.1,5,oculta
4479.099999999999,6,oculta
4479.7,4,sensorial
4479.9,2,sensorial
4482.3,1,sensorial
4482.7,7,oculta
4487.0,0,sensorial
4490.7,5,oculta
4491.400000000001,3,sensorial
4491.400000000001,12,pfc
4491.400000000001,13,pfc
4491.400000000001,14,pfc
4494.8,4,sensorial
4494.8,6,oculta
4495.4,2,sensorial
4498.0,1,sensorial
4499.000000000001,7,oculta
4503.3,0,sensorial
4509.9,5,oculta
4513.5,3,sensorial
4513.5,12,pfc
4513.5,13,pfc
4513.5,14,pfc
4516.3,4,sensorial
4517.1,6,oculta
4517.700000000001,2,sensorial
4520.3,1,sensorial
4523.3,7,oculta
4527.6,0,sensorial
4532.3,5,oculta
4538.3,3,sensorial
4538.3,12,pfc
4538.3,13,pfc
4538.3,14,pfc
4539.1,4,sensorial
4540.900000000001,6,oculta
4541.1,2,sensorial
4544.1,1,sensorial
4547.2,7,oculta
4551.5,0,sensorial
4555.6,5,oculta
4561.8,4,sensorial
4563.1,3,sensorial
4563.1,12,pfc
4563.1,13,pfc
4563.1,14,pfc
4564.5,2,sensorial
4564.7,6,oculta
4567.9,1,sensorial
4571.000000000001,7,oculta
4575.3,0,sensorial
4579.2,5,oculta
4584.400000000001,4,sensorial
4587.900000000001,2,sensorial
4587.900000000001,3,sensorial
4587.900000000001,12,pfc
4587.900000000001,13,pfc
4587.900000000001,14,pfc
4588.5,6,oculta
4591.7,1,sensorial
4594.8,7,oculta
4599.099999999999,0,sensorial
4602.3,5,oculta
4606.799999999999,4,sensorial
4611.3,2,sensorial
4612.3,6,oculta
4612.7,3,sensorial
4612.7,12,pfc
4612.7,13,pfc
4612.7,14,pfc
4615.5,1,sensorial
4618.5,7,oculta
4622.799999999999,0,sensorial
4625.200000000001,5,oculta
4628.9,4,sensorial
4634.700000000001,2,sensorial
4636.200000000001,6,oculta
4637.5,3,sensorial
4637.5,12,pfc
4637.5,13,pfc
4637.5,14,pfc
4639.400000000001,1,sensorial
4642.0,7,oculta
4646.3,0,sensorial
4647.9,5,oculta
4650.700000000001,4,sensorial
4658.1,2,sensorial
4660.099999999999,6,oculta
4662.3,3,sensorial
4662.3,12,pfc
4662.3,13,pfc
4662.3,14,pfc
4663.3,1,sensorial
4664.900000000001,7,oculta
4669.2,0,sensorial
4670.1,5,oculta
4672.1,4,sensorial
4681.6,2,sensorial
4684.099999999999,6,oculta
4687.1,3,sensorial
4687.1,12,pfc
4687.1,13,pfc
4687.1,14,pfc
4687.3,1,sensorial
4687.6,7,oculta
4691.900000000001,0,sensorial
4692.099999999999,5,oculta
4693.0,4,sensorial
4705.099999999999,2,sensorial
4708.099999999999,6,oculta
4710.0,7,oculta
4711.3,1,sensorial
4711.9,3,sensorial
4711.9,12,pfc
4711.9,13,pfc
4711.9,14,pfc
4713.099999999999,4,sensorial
4714.3,0,sensorial
4714.8,5,oculta
4728.7,2,sensorial
4732.200000000001,6,oculta
4733.3,7,oculta
4735.400000000001,1,sensorial
4736.1,4,sensorial
4736.7,3,sensorial
4736.7,12,pfc
4736.7,13,pfc
4736.7,14,pfc
4737.6,0,sensorial
4738.1,5,oculta
4752.400000000001,2,sensorial
4756.3,6,oculta
4757.000000000001,7,oculta
4759.5,1,sensorial
4759.8,4,sensorial
4760.900000000001,5,oculta
4761.3,0,sensorial
4761.5,3,sensorial
4761.5,12,pfc
4761.5,13,pfc
4761.5,14,pfc
4776.1,2,sensorial
4780.400000000001,6,oculta
4780.700000000001,7,oculta
4783.5,4,sensorial
4783.599999999999,1,sensorial
4783.599999999999,5,oculta
4785.0,0,sensorial
4786.3,3,sensorial
4786.3,12,pfc
4786.3,13,pfc
4786.3,14,pfc
4799.9,2,sensorial
4804.5,7,oculta
4804.6,6,oculta
4806.099999999999,5,oculta
4807.3,4,sensorial
4807.8,1,sensorial
4808.8,0,sensorial
4811.1,3,sensorial
4811.1,12,pfc
4811.1,13,pfc
4811.1,14,pfc
4823.700000000001,2,sensorial
4828.3,7,oculta
4828.6,5,oculta
4828.8,6,oculta
4831.1,4,sensorial
4832.0,1,sensorial
4832.6,0,sensorial
4835.900000000001,3,sensorial
4835.900000000001,12,pfc
4835.900000000001,13,pfc
4835.900000000001,14,pfc
4847.5,2,sensorial
4852.1,7,oculta
4852.400000000001,5,oculta
4853.1,6,oculta
4854.900000000001,4,sensorial
4856.3,1,sensorial
4856.4,0,sensorial
4860.700000000001,3,sensorial
4860.700000000001,12,pfc
4860.700000000001,13,pfc
4860.700000000001,14,pfc
4871.400000000001,2,sensorial
4876.0,7,oculta
4876.3,5,oculta
4877.400000000001,6,oculta
4878.8,4,sensorial
4880.3,0,sensorial
4880.6,1,sensorial
4885.5,3,sensorial
4885.5,12,pfc
4885.5,13,pfc
4885.5,14,pfc
4895.3,2,sensorial
4899.900000000001,7,oculta
4900.2,5,oculta
4901.7,6,oculta
4902.7,4,sensorial
4904.2,0,sensorial
4904.900000000001,1,sensorial
4910.3,3,sensorial
4910.3,12,pfc
4910.3,13,pfc
4910.3,14,pfc
4919.2,2,sensorial
4923.8,7,oculta
4924.1,5,oculta
4926.099999999999,6,oculta
4926.6,4,sensorial
4928.1,0,sensorial
4929.3,1,sensorial
4935.1,3,sensorial
4935.1,12,pfc
4935.1,13,pfc
4935.1,14,pfc
4943.2,2,sensorial
4947.8,7,oculta
4948.0,5,oculta
4950.5,6,oculta
4950.6,4,sensorial
4952.1,0,sensorial
4953.700000000001,1,sensorial
4959.900000000001,3,sensorial
4959.900000000001,12,pfc
4959.900000000001,13,pfc
4959.900000000001,14,pfc
4967.2,2,sensorial
4971.8,7,oculta
4971.900000000001,5,oculta
4974.6,4,sensorial
4975.0,6,oculta
4976.1,0,sensorial
4978.2,1,sensorial
4984.7,3,sensorial
4984.7,12,pfc
4984.7,13,pfc
4984.7,14,pfc
4991.2,2,sensorial
4994.8,5,oculta
4995.8,7,oculta
4998.6,4,sensorial
4999.5,6,oculta
5000.1,0,sensorial
9502.3,0,sensorial
9502.3,1,sensorial
9502.3,2,sensorial
9502.3,3,sensorial
9502.3,4,sensorial
9502.3,5,oculta
9502.3,6,oculta
9502.3,7,oculta
9502.3,12,pfc
9502.3,13,pfc
9502.3,14,pfc
9519.6,0,sensorial
9519.6,7,oculta
9519.7,1,sensorial
9519.7,4,sensorial
9519.9,5,oculta
9520.800000000001,2,sensorial
9521.0,6,oculta
9521.1,3,sensorial
9521.1,12,pfc
9521.1,13,pfc
9521.1,14,pfc
9536.699999999999,7,oculta
9536.900000000001,0,sensorial
9537.0,1,sensorial
9537.2,4,sensorial
9537.5,5,oculta
9539.300000000001,2,sensorial
9539.699999999999,6,oculta
9539.900000000001,3,sensorial
9539.900000000001,12,pfc
9539.900000000001,13,pfc
9539.900000000001,14,pfc
9553.7,7,oculta
9554.199999999999,1,sensorial
9554.3,0,sensorial
9554.7,4,sensorial
9555.0,5,oculta
9557.5,2,sensorial
9558.4,6,oculta
9558.699999999999,3,sensorial
9558.699999999999,12,pfc
9558.699999999999,13,pfc
9558.699999999999,14,pfc
9570.5,7,oculta
9571.300000000001,1,sensorial
9571.8,0,sensorial
9572.3,4,sensorial
9572.5,5,oculta
9575.800000000001,2,sensorial
9576.800000000001,6,oculta
9577.5,3,sensorial
9577.5,12,pfc
9577.5,13,pfc
9577.5,14,pfc
9587.1,7,oculta
9588.3,1,sensorial
9589.400000000001,0,sensorial
9589.9,4,sensorial
9589.9,5,oculta
9594.000000000002,2,sensorial
9594.900000000001,6,oculta
9596.300000000001,3,sensorial
9596.300000000001,12,pfc
9596.300000000001,13,pfc
9596.300000000001,14,pfc
9603.4,7,oculta
9605.1,1,sensorial
9606.2,4,sensorial
9607.1,0,sensorial
9607.2,5,oculta
9612.199999999999,2,sensorial
9612.8,6,oculta
9615.1,3,sensorial
9615.1,12,pfc
9615.1,13,pfc
9615.1,14,pfc
9619.300000000001,7,oculta
9621.8,1,sensorial
9622.099999999999,4,sensorial
9623.6,0,sensorial
9624.4,5,oculta
9630.4,2,sensorial
9630.6,6,oculta
9633.9,3,sensorial
9633.9,12,pfc
9633.9,13,pfc
9633.9,14,pfc
9635.0,7,oculta
9637.8,4,sensorial
9638.300000000001,1,sensorial
9639.800000000001,0,sensorial
9641.400000000001,5,oculta
9648.300000000001,6,oculta
9648.699999999999,2,sensorial
9652.7,3,sensorial
9652.7,12,pfc
9652.7,13,pfc
9652.7,14,pfc
9653.3,7,oculta
9654.5,1,sensorial
9656.1,4,sensorial
9657.6,0,sensorial
9658.1,5,oculta
9665.9,6,oculta
9667.0,2,sensorial
9670.300000000001,1,sensorial
9671.5,3,sensorial
9671.5,12,pfc
9671.5,13,pfc
9671.5,14,pfc
9671.6,7,oculta
9674.4,4,sensorial
9674.900000000001,5,oculta
9675.9,0,sensorial
9683.5,6,oculta
9685.3,2,sensorial
9686.7,1,sensorial
9689.9,7,oculta
9690.300000000001,3,sensorial
9690.300000000001,12,pfc
9690.300000000001,13,pfc
9690.300000000001,14,pfc
9691.2,5,oculta
9692.7,4,sensorial
9694.2,0,sensorial
9700.9,6,oculta
9703.6,2,sensorial
9704.1,1,sensorial
9708.199999999999,7,oculta
9708.5,5,oculta
9709.1,3,sensorial
9709.1,12,pfc
9709.1,13,pfc
9709.1,14,pfc
9711.0,4,sensorial
9712.5,0,sensorial
9718.2,6,oculta
9721.400000000001,1,sensorial
9721.9,2,sensorial
9725.900000000001,5,oculta
9726.5,7,oculta
9727.9,3,sensorial
9727.9,12,pfc
9727.9,13,pfc
9727.9,14,pfc
9729.3,4,sensorial
9730.8,0,sensorial
9735.2,6,oculta
9738.4,1,sensorial
9740.0,2,sensorial
9742.5,5,oculta
9744.6,7,oculta
9746.7,3,sensorial
9746.7,12,pfc
9746.7,13,pfc
9746.7,14,pfc
9747.4,4,sensorial
9748.900000000001,0,sensorial
9753.300000000001,6,oculta
9756.5,1,sensorial
9758.0,2,sensorial
9759.9,5,oculta
9762.6,7,oculta
9765.4,4,sensorial
9765.500000000002,3,sensorial
9765.500000000002,12,pfc
9765.500000000002,13,pfc
9765.500000000002,14,pfc
9766.9,0,sensorial
9771.3,6,oculta
9774.5,1,sensorial
9775.8,2,sensorial
9777.3,5,oculta
9780.4,7,oculta
9783.2,4,sensorial
9784.3,3,sensorial
9784.3,12,pfc
9784.3,13,pfc
9784.3,14,pfc
9784.7,0,sensorial
9789.1,6,oculta
9792.300000000001,1,sensorial
9793.5,2,sensorial
9794.199999999999,5,oculta
9798.1,7,oculta
9800.9,4,sensorial
9802.4,0,sensorial
9803.1,3,sensorial
9803.1,12,pfc
9803.1,13,pfc
9803.1,14,pfc
9806.800000000001,6,oculta
9810.0,1,sensorial
9811.0,5,oculta
9811.1,2,sensorial
9815.699999999999,7,oculta
9818.5,4,sensorial
9820.0,0,sensorial
9821.900000000001,3,sensorial
9821.900000000001,12,pfc
9821.900000000001,13,pfc
9821.900000000001,14,pfc
9824.4,6,oculta
9827.5,5,oculta
9827.6,1,sensorial
9828.5,2,sensorial
9833.1,7,oculta
9835.9,4,sensorial
9837.4,0,sensorial
9840.699999999999,3,sensorial
9840.699999999999,12,pfc
9840.699999999999,13,pfc
9840.699999999999,14,pfc
9841.800000000001,6,oculta
9844.4,5,oculta
9845.0,1,sensorial
9845.800000000001,2,sensorial
9850.4,7,oculta
9853.2,4,sensorial
9854.7,0,sensorial
9859.1,6,oculta
9859.5,3,sensorial
9859.5,12,pfc
9859.5,13,pfc
9859.5,14,pfc
9861.3,5,oculta
9862.300000000001,1,sensorial
9862.9,2,sensorial
9867.5,7,oculta
9870.3,4,sensorial
9871.8,0,sensorial
9876.2,6,oculta
9877.9,5,oculta
9878.300000000001,3,sensorial
9878.300000000001,12,pfc
9878.300000000001,13,pfc
9878.300000000001,14,pfc
9879.4,1,sensorial
9879.900000000001,2,sensorial
9884.5,7,oculta
9887.3,4,sensorial
9888.8,0,sensorial
9893.2,6,oculta
9894.5,5,oculta
9896.4,1,sensorial
9896.7,2,sensorial
9897.1,3,sensorial
9897.1,12,pfc
9897.1,13,pfc
9897.1,14,pfc
9901.300000000001,7,oculta
9904.1,4,sensorial
9905.6,0,sensorial
9910.0,6,oculta
9911.0,5,oculta
9913.199999999999,1,sensorial
9913.5,2,sensorial
9915.9,3,sensorial
9915.9,12,pfc
9915.9,13,pfc
9915.9,14,pfc
9918.1,7,oculta
9920.9,4,sensorial
9922.4,0,sensorial
9926.8,6,oculta
9927.300000000001,5,oculta
9930.0,1,sensorial
9930.300000000001,2,sensorial
9934.7,3,sensorial
9934.7,12,pfc
9934.7,13,pfc
9934.7,14,pfc
9934.9,7,oculta
9937.7,4,sensorial
9939.199999999999,0,sensorial
9943.300000000001,5,oculta
9943.6,6,oculta
9946.8,1,sensorial
9947.1,2,sensorial
9951.7,7,oculta
9953.5,3,sensorial
9953.5,12,pfc
9953.5,13,pfc
9953.5,14,pfc
9954.500000000002,4,sensorial
9956.000000000002,0,sensorial
9960.1,5,oculta
9960.4,6,oculta
9963.6,1,sensorial
9963.9,2,sensorial
9968.5,7,oculta
9971.300000000001,4,sensorial
9972.300000000001,3,sensorial
9972.300000000001,12,pfc
9972.300000000001,13,pfc
9972.300000000001,14,pfc
9972.800000000001,0,sensorial
9976.9,5,oculta
9977.199999999999,6,oculta
9980.400000000001,1,sensorial
9980.7,2,sensorial
9985.2,7,oculta
9988.000000000002,4,sensorial
9989.5,0,sensorial
9991.1,3,sensorial
9991.1,12,pfc
9991.1,13,pfc
9991.1,14,pfc
9993.6,5,oculta
9993.9,6,oculta
9997.099999999999,1,sensorial
9997.4,2,sensorial
10001.5,7,oculta
10004.1,3,sensorial
10004.300000000001,0,sensorial
10004.300000000001,4,sensorial
10007.699999999999,2,sensorial
10008.4,5,oculta
10008.6,12,pfc
10008.6,13,pfc
10008.6,14,pfc
10008.7,6,oculta
10013.2,3,sensorial
10014.800000000001,0,sensorial
10015.0,7,oculta
10015.7,1,sensorial
10016.300000000001,2,sensorial
10017.800000000001,4,sensorial
10021.800000000001,5,oculta
10022.300000000001,3,sensorial
10023.0,6,oculta
10025.1,0,sensorial
10025.5,12,pfc
10025.5,13,pfc
10025.5,14,pfc
10025.6,2,sensorial
10029.2,7,oculta
10031.4,3,sensorial
10032.0,4,sensorial
10034.2,2,sensorial
10035.1,0,sensorial
10035.6,1,sensorial
10035.9,5,oculta
10038.0,6,oculta
10040.5,3,sensorial
10041.1,7,oculta
10042.4,12,pfc
10042.4,13,pfc
10042.4,14,pfc
10042.699999999999,2,sensorial
10044.9,4,sensorial
10045.400000000001,0,sensorial
10049.5,5,oculta
10049.6,3,sensorial
10051.0,6,oculta
10052.0,2,sensorial
10054.199999999999,1,sensorial
10056.3,7,oculta
10056.800000000001,0,sensorial
10058.699999999999,3,sensorial
10059.1,4,sensorial
10059.3,12,pfc
10059.3,13,pfc
10059.3,14,pfc
10060.6,2,sensorial
10062.900000000001,5,oculta
10065.4,6,oculta
10067.1,0,sensorial
10067.8,3,sensorial
10069.0,2,sensorial
10069.3,7,oculta
10072.1,4,sensorial
10073.199999999999,1,sensorial
10076.2,12,pfc
10076.2,13,pfc
10076.2,14,pfc
10076.500000000002,5,oculta
10076.9,3,sensorial
10077.2,0,sensorial
10078.300000000001,2,sensorial
10080.6,6,oculta
10082.9,7,oculta
10085.7,4,sensorial
10086.0,3,sensorial
10086.6,2,sensorial
10087.2,0,sensorial
10090.2,5,oculta
10093.1,1,sensorial
10093.1,12,pfc
10093.1,13,pfc
10093.1,14,pfc
10094.2,6,oculta
10095.1,3,sensorial
10096.1,2,sensorial
10096.199999999999,7,oculta
10098.6,0,sensorial
10099.0,4,sensorial
10102.7,5,oculta
10104.2,3,sensorial
10104.6,2,sensorial
10108.800000000001,6,oculta
10109.0,0,sensorial
10109.300000000001,7,oculta
10110.000000000002,12,pfc
10110.000000000002,13,pfc
10110.000000000002,14,pfc
10112.0,1,sensorial
10112.1,4,sensorial
10112.9,2,sensorial
10113.300000000001,3,sensorial
10115.7,5,oculta
10119.300000000001,0,sensorial
10122.4,2,sensorial
10122.4,3,sensorial
10123.0,7,oculta
10123.7,6,oculta
10125.8,4,sensorial
10126.900000000001,12,pfc
10126.900000000001,13,pfc
10126.900000000001,14,pfc
10128.7,5,oculta
10129.4,0,sensorial
10130.7,2,sensorial
10130.9,1,sensorial
10131.5,3,sensorial
10135.300000000001,7,oculta
10138.1,6,oculta
10138.5,4,sensorial
10139.6,0,sensorial
10139.900000000001,2,sensorial
10140.6,3,sensorial
10141.8,5,oculta
10143.800000000001,12,pfc
10143.800000000001,13,pfc
10143.800000000001,14,pfc
10148.6,2,sensorial
10149.7,3,sensorial
10150.199999999999,7,oculta
10150.8,1,sensorial
10151.0,0,sensorial
10153.0,4,sensorial
10153.1,6,oculta
10155.1,5,oculta
10156.7,2,sensorial
10158.800000000001,3,sensorial
10160.7,12,pfc
10160.7,13,pfc
10160.7,14,pfc
10161.300000000001,0,sensorial
10162.2,7,oculta
10165.7,6,oculta
10165.800000000001,2,sensorial
10165.800000000001,4,sensorial
10167.900000000001,3,sensorial
10168.3,5,oculta
10168.9,1,sensorial
10171.6,0,sensorial
10174.5,2,sensorial
10175.4,7,oculta
10177.0,3,sensorial
10177.6,12,pfc
10177.6,13,pfc
10177.6,14,pfc
10178.6,4,sensorial
10180.4,6,oculta
10181.1,5,oculta
10181.6,0,sensorial
10183.699999999999,2,sensorial
10186.1,3,sensorial
10187.900000000001,1,sensorial
10188.3,7,oculta
10191.4,4,sensorial
10192.1,2,sensorial
10192.6,0,sensorial
10194.0,5,oculta
10194.5,12,pfc
10194.5,13,pfc
10194.5,14,pfc
10195.199999999999,3,sensorial
10195.300000000001,6,oculta
10200.6,2,sensorial
10201.9,7,oculta
10204.0,0,sensorial
10204.3,3,sensorial
10204.7,4,sensorial
10207.2,5,oculta
10207.800000000001,1,sensorial
10208.400000000001,6,oculta
10209.699999999999,2,sensorial
10211.400000000001,12,pfc
10211.400000000001,13,pfc
10211.400000000001,14,pfc
10213.4,3,sensorial
10214.3,7,oculta
10214.400000000001,0,sensorial
10217.6,4,sensorial
10218.0,2,sensorial
10220.1,5,oculta
10222.5,3,sensorial
10222.699999999999,6,oculta
10224.7,0,sensorial
10225.900000000001,1,sensorial
10226.5,2,sensorial
10228.300000000001,12,pfc
10228.300000000001,13,pfc
10228.300000000001,14,pfc
10228.8,7,oculta
10231.6,3,sensorial
10231.6,4,sensorial
10234.1,5,oculta
10234.7,0,sensorial
10235.5,2,sensorial
10237.5,6,oculta
10240.7,3,sensorial
10240.7,7,oculta
10244.1,2,sensorial
10244.5,4,sensorial
10244.900000000001,1,sensorial
10245.0,0,sensorial
10245.2,12,pfc
10245.2,13,pfc
10245.2,14,pfc
10247.0,5,oculta
10249.800000000001,3,sensorial
10250.300000000001,6,oculta
10253.300000000001,2,sensorial
10254.000000000002,7,oculta
10256.400000000001,0,sensorial
10257.300000000001,4,sensorial
10258.9,3,sensorial
10259.8,5,oculta
10261.800000000001,2,sensorial
10262.1,12,pfc
10262.1,13,pfc
10262.1,14,pfc
10265.1,1,sensorial
10265.1,6,oculta
10266.6,7,oculta
10266.8,0,sensorial
10268.0,3,sensorial
10270.1,4,sensorial
10270.2,2,sensorial
10272.6,5,oculta
10277.1,0,sensorial
10277.1,3,sensorial
10279.0,12,pfc
10279.0,13,pfc
10279.0,14,pfc
10279.7,2,sensorial
10280.000000000002,6,oculta
10280.300000000001,7,oculta
10283.1,4,sensorial
10283.2,1,sensorial
10285.6,5,oculta
10286.2,3,sensorial
10287.2,0,sensorial
10288.0,2,sensorial
10292.6,7,oculta
10293.0,6,oculta
10295.300000000001,3,sensorial
10295.9,12,pfc
10295.9,13,pfc
10295.9,14,pfc
10296.000000000002,4,sensorial
10296.5,2,sensorial
10297.1,0,sensorial
10298.5,5,oculta
10302.6,1,sensorial
10304.400000000001,3,sensorial
10305.699999999999,7,oculta
10306.0,2,sensorial
10307.7,6,oculta
10308.5,0,sensorial
10309.0,4,sensorial
10311.5,5,oculta
10312.800000000001,12,pfc
10312.800000000001,13,pfc
10312.800000000001,14,pfc
10313.500000000002,3,sensorial
10314.2,2,sensorial
10318.800000000001,7,oculta
10319.0,0,sensorial
10321.699999999999,4,sensorial
10322.6,3,sensorial
10322.800000000001,6,oculta
10322.9,1,sensorial
10323.199999999999,2,sensorial
10324.2,5,oculta
10329.4,0,sensorial
10329.7,12,pfc
10329.7,13,pfc
10329.7,14,pfc
10331.699999999999,3,sensorial
10331.900000000001,2,sensorial
10332.0,7,oculta
10334.800000000001,4,sensorial
10336.0,6,oculta
10337.300000000001,5,oculta
10339.6,0,sensorial
10339.8,1,sensorial
10339.9,2,sensorial
10340.8,3,sensorial
10344.5,7,oculta
10346.6,12,pfc
10346.6,13,pfc
10346.6,14,pfc
10347.5,4,sensorial
10348.9,2,sensorial
10349.6,0,sensorial
10349.9,3,sensorial
10350.0,5,oculta
10351.1,6,oculta
10357.4,2,sensorial
10358.9,1,sensorial
10359.0,3,sensorial
10359.1,7,oculta
10361.0,0,sensorial
10361.9,4,sensorial
10363.5,12,pfc
10363.5,13,pfc
10363.5,14,pfc
10364.4,5,oculta
10365.400000000001,6,oculta
10366.4,2,sensorial
10368.1,3,sensorial
10371.0,7,oculta
10371.400000000001,0,sensorial
10374.6,2,sensorial
10374.800000000001,4,sensorial
10377.2,3,sensorial
10377.3,5,oculta
10378.9,1,sensorial
10380.0,6,oculta
10380.4,12,pfc
10380.4,13,pfc
10380.4,14,pfc
10381.8,0,sensorial
10383.5,2,sensorial
10384.0,7,oculta
10386.3,3,sensorial
10387.6,4,sensorial
10390.1,5,oculta
10392.000000000002,0,sensorial
10392.5,2,sensorial
10394.9,6,oculta
10395.4,3,sensorial
10397.1,7,oculta
10397.300000000001,12,pfc
10397.300000000001,13,pfc
10397.300000000001,14,pfc
10398.1,1,sensorial
10400.3,4,sensorial
10400.7,2,sensorial
10402.0,0,sensorial
10402.800000000001,5,oculta
10404.5,3,sensorial
10408.000000000002,6,oculta
10410.199999999999,2,sensorial
10410.7,7,oculta
10413.400000000001,0,sensorial
10413.5,4,sensorial
10413.6,3,sensorial
10414.2,12,pfc
10414.2,13,pfc
10414.2,14,pfc
10416.0,5,oculta
10417.5,1,sensorial
10418.4,2,sensorial
10422.4,6,oculta
10422.7,3,sensorial
10423.0,7,oculta
10423.9,0,sensorial
10426.1,4,sensorial
10426.6,2,sensorial
10428.6,5,oculta
10431.1,12,pfc
10431.1,13,pfc
10431.1,14,pfc
10431.800000000001,3,sensorial
10434.3,0,sensorial
10436.1,2,sensorial
10437.300000000001,6,oculta
10437.800000000001,1,sensorial
10437.800000000001,7,oculta
10440.6,4,sensorial
10440.900000000001,3,sensorial
10443.0,5,oculta
10444.0,2,sensorial
10444.4,0,sensorial
10448.0,12,pfc
10448.0,13,pfc
10448.0,14,pfc
10449.699999999999,7,oculta
10450.0,3,sensorial
10450.7,6,oculta
10453.300000000001,2,sensorial
10453.7,4,sensorial
10454.4,0,sensorial
10454.9,1,sensorial
10456.2,5,oculta
10459.1,3,sensorial
10462.1,2,sensorial
10463.0,7,oculta
10464.9,12,pfc
10464.9,13,pfc
10464.9,14,pfc
10465.5,6,oculta
10465.8,0,sensorial
10466.800000000001,4,sensorial
10468.2,3,sensorial
10469.300000000001,5,oculta
10469.900000000001,2,sensorial
10474.199999999999,1,sensorial
10475.900000000001,7,oculta
10476.3,0,sensorial
10477.300000000001,3,sensorial
10479.4,2,sensorial
10479.5,4,sensorial
10480.6,6,oculta
10481.8,12,pfc
10481.8,13,pfc
10481.8,14,pfc
10482.0,5,oculta
10486.4,3,sensorial
10486.7,0,sensorial
10488.000000000002,2,sensorial
10489.800000000001,7,oculta
10492.6,4,sensorial
10494.2,1,sensorial
10495.1,5,oculta
10495.2,6,oculta
10495.5,3,sensorial
10496.8,2,sensorial
10496.9,0,sensorial
10498.7,12,pfc
10498.7,13,pfc
10498.7,14,pfc
10503.9,7,oculta
10508.1,3,sensorial
10512.5,1,sensorial
10513.2,2,sensorial
10519.7,5,oculta
10520.900000000001,6,oculta
10522.7,3,sensorial
10528.1,7,oculta
10528.7,12,pfc
10528.7,13,pfc
10528.7,14,pfc
10529.300000000001,1,sensorial
10531.7,2,sensorial
10537.3,3,sensorial
10548.300000000001,5,oculta
10548.6,1,sensorial
10550.800000000001,6,oculta
10551.7,7,oculta
10551.9,3,sensorial
10554.300000000001,2,sensorial
10559.0,12,pfc
10559.0,13,pfc
10559.0,14,pfc
10566.3,1,sensorial
10566.500000000002,3,sensorial
10576.0,2,sensorial
10576.400000000001,7,oculta
10577.300000000001,5,oculta
10580.8,6,oculta
10581.1,3,sensorial
10584.0,1,sensorial
10589.3,12,pfc
10589.3,13,pfc
10589.3,14,pfc
10595.500000000002,2,sensorial
10595.7,3,sensorial
10600.1,7,oculta
10603.300000000001,1,sensorial
10605.400000000001,5,oculta
10610.300000000001,3,sensorial
10610.800000000001,6,oculta
10614.3,2,sensorial
10619.6,12,pfc
10619.6,13,pfc
10619.6,14,pfc
10620.2,1,sensorial
10623.300000000001,7,oculta
10624.9,3,sensorial
10634.199999999999,5,oculta
10635.2,2,sensorial
10639.5,1,sensorial
10639.5,3,sensorial
10640.7,6,oculta
10644.300000000001,7,oculta
10649.9,12,pfc
10649.9,13,pfc
10649.9,14,pfc
10653.7,2,sensorial
10654.1,3,sensorial
10657.300000000001,1,sensorial
10661.800000000001,5,oculta
10667.0,7,oculta
10668.7,3,sensorial
10670.7,6,oculta
10673.9,1,sensorial
10673.9,2,sensorial
10680.2,12,pfc
10680.2,13,pfc
10680.2,14,pfc
10683.300000000001,3,sensorial
10689.400000000001,5,oculta
10691.800000000001,7,oculta
10693.2,1,sensorial
10695.400000000001,2,sensorial
10697.9,3,sensorial
10700.800000000001,6,oculta
10710.1,1,sensorial
10710.5,12,pfc
10710.5,13,pfc
10710.5,14,pfc
10712.5,3,sensorial
10713.2,7,oculta
10716.0,2,sensorial
10717.400000000001,5,oculta
10727.1,3,sensorial
10729.4,1,sensorial
10730.8,6,oculta
10734.300000000001,2,sensorial
10736.7,7,oculta
10740.8,12,pfc
10740.8,13,pfc
10740.8,14,pfc
10741.699999999999,3,sensorial
10744.2,5,oculta
10747.099999999999,1,sensorial
10755.7,2,sensorial
10756.300000000001,3,sensorial
10760.300000000001,7,oculta
10760.900000000001,6,oculta
10764.1,1,sensorial
10770.900000000001,3,sensorial
10771.1,12,pfc
10771.1,13,pfc
10771.1,14,pfc
10772.0,5,oculta
10774.800000000001,2,sensorial
10783.000000000002,7,oculta
10783.4,1,sensorial
10785.5,3,sensorial
10791.0,6,oculta
10794.5,2,sensorial
10799.4,5,oculta
10800.1,3,sensorial
10800.3,1,sensorial
10801.400000000001,12,pfc
10801.400000000001,13,pfc
10801.400000000001,14,pfc
10803.4,7,oculta
10814.7,3,sensorial
10815.4,2,sensorial
10819.6,1,sensorial
10821.0,6,oculta
10823.400000000001,7,oculta
10826.6,5,oculta
10829.3,3,sensorial
10831.699999999999,12,pfc
10831.699999999999,13,pfc
10831.699999999999,14,pfc
10833.9,2,sensorial
10837.300000000001,1,sensorial
10843.9,3,sensorial
10844.7,7,oculta
10851.1,6,oculta
10854.3,1,sensorial
10854.4,2,sensorial
10854.5,5,oculta
10858.500000000002,3,sensorial
10862.0,12,pfc
10862.0,13,pfc
10862.0,14,pfc
10867.6,7,oculta
10873.1,2,sensorial
10873.1,3,sensorial
10873.6,1,sensorial
10880.9,5,oculta
10881.199999999999,6,oculta
10887.7,3,sensorial
10890.500000000002,1,sensorial
10892.300000000001,12,pfc
10892.300000000001,13,pfc
10892.300000000001,14,pfc
10892.5,7,oculta
10893.3,2,sensorial
10902.3,3,sensorial
10907.9,5,oculta
10909.800000000001,1,sensorial
10911.2,6,oculta
10913.7,7,oculta
10914.699999999999,2,sensorial
10916.9,3,sensorial
10922.6,12,pfc
10922.6,13,pfc
10922.6,14,pfc
10927.5,1,sensorial
10931.5,3,sensorial
10935.8,5,oculta
10936.400000000001,2,sensorial
10937.800000000001,7,oculta
10941.3,6,oculta
10944.5,1,sensorial
10946.1,3,sensorial
10952.900000000001,12,pfc
10952.900000000001,13,pfc
10952.900000000001,14,pfc
10955.8,2,sensorial
10960.4,7,oculta
10960.7,3,sensorial
10962.300000000001,5,oculta
10963.800000000001,1,sensorial
10971.400000000001,6,oculta
10974.9,2,sensorial
10975.300000000001,3,sensorial
10980.7,1,sensorial
10983.1,7,oculta
10983.2,12,pfc
10983.2,13,pfc
10983.2,14,pfc
10989.4,5,oculta
10989.9,3,sensorial
10996.0,2,sensorial
11008.5,3,sensorial
11013.0,2,sensorial
11029.4,2,sensorial
11031.3,3,sensorial
11045.8,2,sensorial
11054.1,3,sensorial
11062.2,2,sensorial
11076.9,3,sensorial
11078.6,2,sensorial
11095.0,2,sensorial
11099.7,3,sensorial
11111.4,2,sensorial
11122.5,3,sensorial
11127.800000000001,2,sensorial
11144.199999999999,2,sensorial
11145.300000000001,3,sensorial
11160.6,2,sensorial
11168.1,3,sensorial
11177.000000000002,2,sensorial
11190.900000000001,3,sensorial
11193.4,2,sensorial
11209.800000000001,2,sensorial
11213.7,3,sensorial
11226.2,2,sensorial
11236.500000000002,3,sensorial
11242.6,2,sensorial
11259.0,2,sensorial
11259.300000000001,3,sensorial
11275.400000000001,2,sensorial
11282.1,3,sensorial
11291.8,2,sensorial
11304.9,3,sensorial
11308.2,2,sensorial
11324.6,2,sensorial
11327.7,3,sensorial
11341.0,2,sensorial
11350.5,3,sensorial
11357.4,2,sensorial
11373.3,3,sensorial
11373.800000000001,2,sensorial
11390.2,2,sensorial
11396.1,3,sensorial
11406.6,2,sensorial
11418.9,3,sensorial
11423.0,2,sensorial
11439.400000000001,2,sensorial
11441.7,3,sensorial
11455.8,2,sensorial
11464.5,3,sensorial
11472.2,2,sensorial
11487.300000000001,3,sensorial
11488.6,2,sensorial
14008.500000000002,0,sensorial
14018.1,0,sensorial
14027.7,0,sensorial
14030.5,3,sensorial
14037.3,0,sensorial
14046.9,0,sensorial
14048.6,3,sensorial
14056.500000000002,0,sensorial
14066.1,0,sensorial
14066.7,3,sensorial
14075.7,0,sensorial
14084.800000000001,3,sensorial
14085.3,0,sensorial
14094.900000000001,0,sensorial
14102.9,3,sensorial
14104.5,0,sensorial
14114.1,0,sensorial
14121.0,3,sensorial
14123.7,0,sensorial
14133.3,0,sensorial
14139.1,3,sensorial
14142.900000000001,0,sensorial
14152.5,0,sensorial
14157.2,3,sensorial
14162.1,0,sensorial
14171.7,0,sensorial
14175.3,3,sensorial
14181.3,0,sensorial
14190.900000000001,0,sensorial
14193.4,3,sensorial
14200.5,0,sensorial
14210.1,0,sensorial
14211.5,3,sensorial
14219.7,0,sensorial
14229.3,0,sensorial
14229.6,3,sensorial
14238.900000000001,0,sensorial
14247.699999999999,3,sensorial
14248.5,0,sensorial
14258.1,0,sensorial
14265.800000000001,3,sensorial
14267.7,0,sensorial
14277.3,0,sensorial
14283.900000000001,3,sensorial
14286.900000000001,0,sensorial
14296.5,0,sensorial
14302.000000000002,3,sensorial
14306.1,0,sensorial
14315.7,0,sensorial
14320.1,3,sensorial
14325.3,0,sensorial
14334.900000000001,0,sensorial
14338.2,3,sensorial
14344.5,0,sensorial
14354.1,0,sensorial
14356.300000000001,3,sensorial
14363.7,0,sensorial
14373.3,0,sensorial
14374.400000000001,3,sensorial
14382.900000000001,0,sensorial
14392.5,0,sensorial
14392.5,3,sensorial
14402.1,0,sensorial
14410.6,3,sensorial
14411.7,0,sensorial
14421.3,0,sensorial
14428.7,3,sensorial
14430.900000000001,0,sensorial
14440.5,0,sensorial
14446.800000000001,3,sensorial
14450.1,0,sensorial
14459.7,0,sensorial
14464.9,3,sensorial
14469.300000000001,0,sensorial
14478.900000000001,0,sensorial
14483.0,3,sensorial
14488.5,0,sensorial
14498.1,0,sensorial
15014.4,0,sensorial
15030.7,0,sensorial
15047.0,0,sensorial
15063.3,0,sensorial
15079.6,0,sensorial
15095.9,0,sensorial
15112.2,0,sensorial
15128.5,0,sensorial
15144.8,0,sensorial
15161.1,0,sensorial
15177.4,0,sensorial
15193.7,0,sensorial
15210.0,0,sensorial
15226.3,0,sensorial
15242.6,0,sensorial
15258.9,0,sensorial
15275.199999999999,0,sensorial
15291.5,0,sensorial
15307.8,0,sensorial
15324.1,0,sensorial
15340.4,0,sensorial
15356.699999999999,0,sensorial
15373.0,0,sensorial
15389.3,0,sensorial
15405.6,0,sensorial
15421.9,0,sensorial
15438.2,0,sensorial
15454.500000000002,0,sensorial
15470.800000000001,0,sensorial
15487.1,0,sensorial
15501.7,0,sensorial
15511.9,0,sensorial
15522.1,0,sensorial
15532.300000000001,0,sensorial
15542.5,0,sensorial
15552.7,0,sensorial
15562.9,0,sensorial
15573.1,0,sensorial
15583.300000000001,0,sensorial
15593.5,0,sensorial
15603.699999999999,0,sensorial
15613.900000000001,0,sensorial
15624.1,0,sensorial
15634.300000000001,0,sensorial
15644.5,0,sensorial
15654.699999999999,0,sensorial
15664.900000000001,0,sensorial
15675.1,0,sensorial
15685.300000000001,0,sensorial
15695.5,0,sensorial
15705.7,0,sensorial
15715.900000000001,0,sensorial
15726.1,0,sensorial
15736.3,0,sensorial
15746.5,0,sensorial
15756.7,0,sensorial
15766.900000000001,0,sensorial
15777.1,0,sensorial
15787.3,0,sensorial
15797.5,0,sensorial
15807.7,0,sensorial
15817.900000000001,0,sensorial
15828.1,0,sensorial
15838.3,0,sensorial
15848.500000000002,0,sensorial
15858.7,0,sensorial
15868.9,0,sensorial
15879.1,0,sensorial
15889.3,0,sensorial
15899.500000000002,0,sensorial
15909.7,0,sensorial
15919.9,0,sensorial
15930.1,0,sensorial
15940.300000000001,0,sensorial
15950.5,0,sensorial
15960.7,0,sensorial
15970.9,0,sensorial
15981.1,0,sensorial
15991.300000000001,0,sensorial
16567.600000000002,0,sensorial
16629.6,0,sensorial
16691.600000000002,0,sensorial
16753.600000000002,0,sensorial
16815.6,0,sensorial
16877.600000000002,0,sensorial
16939.600000000002,0,sensorial
18509.0,4,sensorial
18519.0,4,sensorial
18529.0,4,sensorial
18539.0,4,sensorial
18549.0,4,sensorial
18559.0,4,sensorial
18569.000000000004,4,sensorial
18579.0,4,sensorial
18589.0,4,sensorial
18599.0,4,sensorial
18609.0,4,sensorial
18619.0,4,sensorial
18629.0,4,sensorial
18639.0,4,sensorial
18649.0,4,sensorial
18659.000000000004,4,sensorial
18669.0,4,sensorial
18679.0,4,sensorial
18689.0,4,sensorial
18699.0,4,sensorial
18709.0,4,sensorial
18719.0,4,sensorial
18729.0,4,sensorial
18739.0,4,sensorial
18749.000000000004,4,sensorial
18759.0,4,sensorial
18769.0,4,sensorial
18779.0,4,sensorial
18789.0,4,sensorial
18799.0,4,sensorial
18809.0,4,sensorial
18819.000000000004,4,sensorial
18829.0,4,sensorial
18839.0,4,sensorial
18849.0,4,sensorial
18859.0,4,sensorial
18869.0,4,sensorial
18879.0,4,sensorial
18889.0,4,sensorial
18899.0,4,sensorial
18909.000000000004,4,sensorial
18919.0,4,sensorial
18929.0,4,sensorial
18939.0,4,sensorial
18949.0,4,sensorial
18959.0,4,sensorial
18969.0,4,sensorial
18979.0,4,sensorial
18989.0,4,sensorial
18999.000000000004,4,sensorial
19024.5,1,sensorial
19059.0,1,sensorial
19093.500000000004,1,sensorial
19128.0,1,sensorial
19162.5,1,sensorial
19197.0,1,sensorial
19231.5,1,sensorial
19266.0,1,sensorial
19300.5,1,sensorial
19335.0,1,sensorial
19369.5,1,sensorial
19404.0,1,sensorial
19438.5,1,sensorial
19473.000000000004,1,sensorial
21009.7,3,sensorial
21023.1,5,oculta
21023.5,6,oculta
21023.5,7,oculta
21023.5,12,pfc
21023.5,13,pfc
21023.5,14,pfc
21025.5,3,sensorial
21026.7,1,sensorial
21027.0,2,sensorial
21041.3,3,sensorial
21051.3,7,oculta
21052.7,1,sensorial
21053.5,5,oculta
21055.300000000003,6,oculta
21055.300000000003,12,pfc
21055.300000000003,13,pfc
21055.300000000003,14,pfc
21057.100000000002,3,sensorial
21058.8,2,sensorial
21072.9,3,sensorial
21076.800000000003,1,sensorial
21078.600000000002,7,oculta
21083.899999999998,5,oculta
21087.1,6,oculta
21087.1,12,pfc
21087.1,13,pfc
21087.1,14,pfc
21088.699999999997,3,sensorial
21090.600000000002,2,sensorial
21099.500000000004,1,sensorial
21102.600000000002,7,oculta
21104.5,3,sensorial
21114.1,5,oculta
21118.7,6,oculta
21118.899999999998,12,pfc
21118.899999999998,13,pfc
21118.899999999998,14,pfc
21120.3,3,sensorial
21121.9,1,sensorial
21122.2,2,sensorial
21126.8,7,oculta
21136.100000000002,3,sensorial
21144.2,5,oculta
21147.899999999998,1,sensorial
21150.4,6,oculta
21150.7,12,pfc
21150.7,13,pfc
21150.7,14,pfc
21151.9,3,sensorial
21153.0,7,oculta
21153.9,2,sensorial
21167.7,3,sensorial
21172.0,1,sensorial
21173.899999999998,5,oculta
21176.899999999998,7,oculta
21182.2,6,oculta
21182.5,12,pfc
21182.5,13,pfc
21182.5,14,pfc
21183.5,3,sensorial
21185.7,2,sensorial
21194.7,1,sensorial
21199.0,7,oculta
21199.3,3,sensorial
21204.3,5,oculta
21213.800000000003,6,oculta
21214.3,12,pfc
21214.3,13,pfc
21214.3,14,pfc
21215.1,3,sensorial
21217.000000000004,1,sensorial
21217.300000000003,2,sensorial
21221.9,7,oculta
21230.9,3,sensorial
21234.3,5,oculta
21243.0,1,sensorial
21245.5,6,oculta
21246.100000000002,12,pfc
21246.100000000002,13,pfc
21246.100000000002,14,pfc
21246.4,7,oculta
21246.7,3,sensorial
21249.000000000004,2,sensorial
21262.5,3,sensorial
21263.899999999998,5,oculta
21267.100000000002,1,sensorial
21270.2,7,oculta
21277.3,6,oculta
21277.9,12,pfc
21277.9,13,pfc
21277.9,14,pfc
21278.300000000003,3,sensorial
21280.8,2,sensorial
21289.8,1,sensorial
21292.899999999998,7,oculta
21293.4,5,oculta
21294.1,3,sensorial
21308.9,6,oculta
21309.7,12,pfc
21309.7,13,pfc
21309.7,14,pfc
21309.9,3,sensorial
21312.100000000002,1,sensorial
21312.4,2,sensorial
21317.0,7,oculta
21322.300000000003,5,oculta
21325.7,3,sensorial
21338.1,1,sensorial
21340.600000000002,6,oculta
21341.2,7,oculta
21341.5,3,sensorial
21341.5,12,pfc
21341.5,13,pfc
21341.5,14,pfc
21344.100000000002,2,sensorial
21350.2,5,oculta
21357.300000000003,3,sensorial
21362.2,1,sensorial
21365.3,7,oculta
21372.4,6,oculta
21373.100000000002,3,sensorial
21373.3,12,pfc
21373.3,13,pfc
21373.3,14,pfc
21375.9,2,sensorial
21379.4,5,oculta
21384.9,1,sensorial
21388.0,7,oculta
21388.899999999998,3,sensorial
21404.0,6,oculta
21404.7,3,sensorial
21405.100000000002,12,pfc
21405.100000000002,13,pfc
21405.100000000002,14,pfc
21407.2,1,sensorial
21407.500000000004,2,sensorial
21408.7,5,oculta
21412.100000000002,7,oculta
21420.5,3,sensorial
21433.2,1,sensorial
21435.7,6,oculta
21436.300000000003,3,sensorial
21436.300000000003,7,oculta
21436.9,12,pfc
21436.9,13,pfc
21436.9,14,pfc
21438.7,5,oculta
21439.2,2,sensorial
21452.100000000002,3,sensorial
21457.3,1,sensorial
21460.399999999998,7,oculta
21467.5,6,oculta
21467.9,3,sensorial
21468.7,5,oculta
21468.7,12,pfc
21468.7,13,pfc
21468.7,14,pfc
21471.0,2,sensorial
21480.0,1,sensorial
21483.1,7,oculta
21483.7,3,sensorial
21499.100000000002,5,oculta
21499.100000000002,6,oculta
21499.5,3,sensorial
21500.1,12,pfc
21500.1,13,pfc
21500.1,14,pfc
21501.2,2,sensorial
21502.300000000003,1,sensorial
21505.4,7,oculta
21508.2,4,sensorial
21509.3,2,sensorial
21512.3,0,sensorial
21513.2,5,oculta
21516.2,6,oculta
21517.100000000002,12,pfc
21517.100000000002,13,pfc
21517.100000000002,14,pfc
21518.800000000003,2,sensorial
21519.100000000002,7,oculta
21520.4,1,sensorial
21521.5,4,sensorial
21526.7,5,oculta
21527.0,2,sensorial
21531.600000000002,7,oculta
21532.0,6,oculta
21534.100000000002,12,pfc
21534.100000000002,13,pfc
21534.100000000002,14,pfc
21534.300000000003,4,sensorial
21535.500000000004,2,sensorial
21535.9,0,sensorial
21539.2,1,sensorial
21540.300000000003,5,oculta
21543.9,7,oculta
21545.0,2,sensorial
21546.7,4,sensorial
21547.1,6,oculta
21551.100000000002,12,pfc
21551.100000000002,13,pfc
21551.100000000002,14,pfc
21552.9,2,sensorial
21554.6,5,oculta
21557.5,7,oculta
21558.8,1,sensorial
21560.2,0,sensorial
21560.2,4,sensorial
21561.7,2,sensorial
21563.8,6,oculta
21568.100000000002,5,oculta
21568.100000000002,12,pfc
21568.100000000002,13,pfc
21568.100000000002,14,pfc
21570.2,2,sensorial
21570.600000000002,7,oculta
21573.399999999998,4,sensorial
21578.9,1,sensorial
21579.1,2,sensorial
21579.7,6,oculta
21582.399999999998,5,oculta
21582.5,0,sensorial
21583.7,7,oculta
21585.1,12,pfc
21585.1,13,pfc
21585.1,14,pfc
21586.5,4,sensorial
21587.300000000003,2,sensorial
21594.9,6,oculta
21596.500000000004,5,oculta
21596.800000000003,2,sensorial
21598.100000000002,1,sensorial
21598.600000000002,7,oculta
21599.9,4,sensorial
21602.1,12,pfc
21602.1,13,pfc
21602.1,14,pfc
21602.9,0,sensorial
21604.8,2,sensorial
21609.5,6,oculta
21610.2,5,oculta
21610.2,7,oculta
21612.5,4,sensorial
21613.2,2,sensorial
21617.0,1,sensorial
21619.1,12,pfc
21619.1,13,pfc
21619.1,14,pfc
21622.2,2,sensorial
21623.2,7,oculta
21624.9,5,oculta
21625.4,4,sensorial
21626.100000000002,6,oculta
21627.4,0,sensorial
21629.9,2,sensorial
21636.100000000002,12,pfc
21636.100000000002,13,pfc
21636.100000000002,14,pfc
21636.2,7,oculta
21636.4,1,sensorial
21637.9,4,sensorial
21639.4,2,sensorial
21639.5,5,oculta
21641.2,6,oculta
21647.4,2,sensorial
21649.9,7,oculta
21650.4,4,sensorial
21651.4,0,sensorial
21652.9,5,oculta
21653.100000000002,12,pfc
21653.100000000002,13,pfc
21653.100000000002,14,pfc
21655.8,6,oculta
21656.300000000003,2,sensorial
21656.600000000002,1,sensorial
21660.9,7,oculta
21662.8,4,sensorial
21664.5,2,sensorial
21666.2,5,oculta
21670.100000000002,12,pfc
21670.100000000002,13,pfc
21670.100000000002,14,pfc
21672.399999999998,6,oculta
21673.5,0,sensorial
21674.0,2,sensorial
21675.399999999998,4,sensorial
21675.6,1,sensorial
21676.100000000002,7,oculta
21679.100000000002,5,oculta
21682.0,2,sensorial
21687.100000000002,12,pfc
21687.100000000002,13,pfc
21687.100000000002,14,pfc
21687.7,6,oculta
21687.9,7,oculta
21688.4,4,sensorial
21691.2,2,sensorial
21693.0,5,oculta
21693.6,0,sensorial
21694.4,1,sensorial
21700.2,2,sensorial
21700.600000000002,7,oculta
21701.0,4,sensorial
21702.5,6,oculta
21704.1,12,pfc
21704.1,13,pfc
21704.1,14,pfc
21706.2,5,oculta
21708.100000000002,2,sensorial
21713.699999999997,4,sensorial
21713.699999999997,7,oculta
21714.0,1,sensorial
21717.300000000003,2,sensorial
21718.0,0,sensorial
21719.100000000002,6,oculta
21720.100000000002,5,oculta
21721.1,12,pfc
21721.1,13,pfc
21721.1,14,pfc
21725.8,2,sensorial
21726.300000000003,4,sensorial
21727.1,7,oculta
21733.800000000003,5,oculta
21734.100000000002,1,sensorial
21734.7,2,sensorial
21734.8,6,oculta
21738.1,12,pfc
21738.1,13,pfc
21738.1,14,pfc
21738.8,4,sensorial
21739.3,7,oculta
21741.8,0,sensorial
21742.9,2,sensorial
21747.300000000003,5,oculta
21749.5,6,oculta
21752.000000000004,4,sensorial
21752.4,2,sensorial
21752.7,1,sensorial
21754.2,7,oculta
21755.100000000002,12,pfc
21755.100000000002,13,pfc
21755.100000000002,14,pfc
21760.5,2,sensorial
21761.5,5,oculta
21763.0,0,sensorial
21764.8,4,sensorial
21766.2,6,oculta
21766.2,7,oculta
21769.7,2,sensorial
21771.0,1,sensorial
21772.100000000002,12,pfc
21772.100000000002,13,pfc
21772.100000000002,14,pfc
21775.5,5,oculta
21777.6,4,sensorial
21779.2,2,sensorial
21779.300000000003,7,oculta
21781.9,6,oculta
21783.6,0,sensorial
21787.000000000004,2,sensorial
21789.100000000002,12,pfc
21789.100000000002,13,pfc
21789.100000000002,14,pfc
21789.899999999998,5,oculta
21790.000000000004,1,sensorial
21790.4,4,sensorial
21792.2,7,oculta
21795.8,2,sensorial
21797.2,6,oculta
21803.1,4,sensorial
21804.3,2,sensorial
21804.7,5,oculta
21806.1,7,oculta
21806.1,12,pfc
21806.1,13,pfc
21806.1,14,pfc
21807.5,0,sensorial
21809.800000000003,1,sensorial
21811.9,6,oculta
21813.000000000004,2,sensorial
21815.7,4,sensorial
21817.600000000002,7,oculta
21818.2,5,oculta
21821.2,2,sensorial
21823.1,12,pfc
21823.1,13,pfc
21823.1,14,pfc
21828.4,6,oculta
21829.0,4,sensorial
21829.2,0,sensorial
21830.3,1,sensorial
21830.7,2,sensorial
21832.2,5,oculta
21832.800000000003,7,oculta
21838.6,2,sensorial
21840.1,12,pfc
21840.1,13,pfc
21840.1,14,pfc
21841.800000000003,4,sensorial
21844.0,6,oculta
21845.000000000004,7,oculta
21845.2,5,oculta
21847.3,1,sensorial
21847.5,2,sensorial
21849.3,0,sensorial
21854.600000000002,4,sensorial
21856.4,2,sensorial
21857.100000000002,12,pfc
21857.100000000002,13,pfc
21857.100000000002,14,pfc
21858.5,5,oculta
21858.800000000003,7,oculta
21858.9,6,oculta
21864.0,2,sensorial
21866.300000000003,1,sensorial
21867.399999999998,4,sensorial
21870.3,7,oculta
21872.1,5,oculta
21873.0,0,sensorial
21873.5,2,sensorial
21874.100000000002,12,pfc
21874.100000000002,13,pfc
21874.100000000002,14,pfc
21875.600000000002,6,oculta
21880.100000000002,4,sensorial
21881.399999999998,2,sensorial
21885.4,7,oculta
21885.7,1,sensorial
21885.8,5,oculta
21890.0,2,sensorial
21891.100000000002,12,pfc
21891.100000000002,13,pfc
21891.100000000002,14,pfc
21891.2,6,oculta
21893.3,4,sensorial
21894.2,0,sensorial
21898.0,7,oculta
21898.600000000002,2,sensorial
21898.9,5,oculta
21905.800000000003,1,sensorial
21906.2,4,sensorial
21906.600000000002,6,oculta
21907.4,2,sensorial
21908.100000000002,12,pfc
21908.100000000002,13,pfc
21908.100000000002,14,pfc
21911.5,7,oculta
21912.9,5,oculta
21915.100000000002,2,sensorial
21915.8,0,sensorial
21919.0,4,sensorial
21921.2,6,oculta
21924.4,1,sensorial
21924.600000000002,2,sensorial
21925.1,12,pfc
21925.1,13,pfc
21925.1,14,pfc
21925.5,7,oculta
21927.0,5,oculta
21931.800000000003,4,sensorial
21933.300000000003,2,sensorial
21937.9,7,oculta
21938.000000000004,6,oculta
21939.4,0,sensorial
21941.4,5,oculta
21941.5,2,sensorial
21942.1,12,pfc
21942.1,13,pfc
21942.1,14,pfc
21942.7,1,sensorial
21944.5,4,sensorial
21951.0,2,sensorial
21951.399999999998,7,oculta
21953.4,6,oculta
21955.8,5,oculta
21957.0,4,sensorial
21958.6,2,sensorial
21959.1,12,pfc
21959.1,13,pfc
21959.1,14,pfc
21960.5,0,sensorial
21961.7,1,sensorial
21964.7,7,oculta
21968.1,2,sensorial
21968.2,6,oculta
21970.000000000004,4,sensorial
21970.2,5,oculta
21976.100000000002,2,sensorial
21976.100000000002,12,pfc
21976.100000000002,13,pfc
21976.100000000002,14,pfc
21980.0,7,oculta
21981.6,1,sensorial
21982.8,4,sensorial
21984.3,0,sensorial
21984.7,2,sensorial
21984.899999999998,6,oculta
21985.2,5,oculta
21992.3,7,oculta
21993.100000000002,12,pfc
21993.100000000002,13,pfc
21993.100000000002,14,pfc
21993.3,2,sensorial
21995.2,4,sensorial
21998.7,5,oculta
22000.3,1,sensorial
22000.600000000002,6,oculta
22003.2,0,sensorial
22006.500000000004,1,sensorial
22006.600000000002,7,oculta
22011.2,12,pfc
22011.2,13,pfc
22011.2,14,pfc
22013.4,1,sensorial
22015.9,5,oculta
22016.100000000002,0,sensorial
22017.0,6,oculta
22020.2,1,sensorial
22021.800000000003,7,oculta
22027.1,1,sensorial
22028.7,0,sensorial
22029.7,12,pfc
22029.7,13,pfc
22029.7,14,pfc
22033.100000000002,5,oculta
22033.100000000002,6,oculta
22034.000000000004,1,sensorial
22037.100000000002,7,oculta
22040.2,1,sensorial
22041.399999999998,0,sensorial
22047.1,1,sensorial
22048.2,12,pfc
22048.2,13,pfc
22048.2,14,pfc
22048.899999999998,6,oculta
22050.7,5,oculta
22052.2,7,oculta
22053.2,1,sensorial
22055.9,0,sensorial
22060.100000000002,1,sensorial
22065.0,6,oculta
22066.7,12,pfc
22066.7,13,pfc
22066.7,14,pfc
22067.0,1,sensorial
22067.7,7,oculta
22067.9,5,oculta
22069.5,0,sensorial
22073.3,1,sensorial
22080.2,1,sensorial
22081.2,6,oculta
22083.0,0,sensorial
22083.3,7,oculta
22085.2,5,oculta
22085.2,12,pfc
22085.2,13,pfc
22085.2,14,pfc
22086.4,1,sensorial
22093.300000000003,1,sensorial
22096.4,0,sensorial
22097.7,6,oculta
22098.5,7,oculta
22100.2,1,sensorial
22102.2,5,oculta
22103.7,12,pfc
22103.7,13,pfc
22103.7,14,pfc
22106.5,1,sensorial
22109.6,0,sensorial
22113.4,1,sensorial
22114.0,6,oculta
22114.0,7,oculta
22119.600000000002,1,sensorial
22119.600000000002,5,oculta
22122.2,12,pfc
22122.2,13,pfc
22122.2,14,pfc
22122.600000000002,0,sensorial
22126.5,1,sensorial
22129.6,6,oculta
22129.6,7,oculta
22132.8,1,sensorial
22135.3,0,sensorial
22137.1,5,oculta
22139.7,1,sensorial
22140.7,12,pfc
22140.7,13,pfc
22140.7,14,pfc
22144.5,7,oculta
22145.5,6,oculta
22146.6,1,sensorial
22148.8,0,sensorial
22152.9,1,sensorial
22154.1,5,oculta
22159.2,12,pfc
22159.2,13,pfc
22159.2,14,pfc
22159.5,7,oculta
22159.8,1,sensorial
22162.000000000004,6,oculta
22163.3,0,sensorial
22165.9,1,sensorial
22171.300000000003,5,oculta
22172.800000000003,1,sensorial
22174.9,7,oculta
22176.899999999998,0,sensorial
22177.7,12,pfc
22177.7,13,pfc
22177.7,14,pfc
22178.6,6,oculta
22179.7,1,sensorial
22186.0,1,sensorial
22188.600000000002,5,oculta
22189.1,7,oculta
22190.4,0,sensorial
22192.9,1,sensorial
22194.8,6,oculta
22196.2,12,pfc
22196.2,13,pfc
22196.2,14,pfc
22199.100000000002,1,sensorial
22203.9,0,sensorial
22203.9,7,oculta
22206.0,1,sensorial
22206.0,5,oculta
22210.399999999998,6,oculta
22212.9,1,sensorial
22214.7,12,pfc
22214.7,13,pfc
22214.7,14,pfc
22217.4,0,sensorial
22218.9,7,oculta
22219.2,1,sensorial
22223.000000000004,5,oculta
22226.100000000002,1,sensorial
22226.100000000002,6,oculta
22230.800000000003,0,sensorial
22232.4,1,sensorial
22233.2,12,pfc
22233.2,13,pfc
22233.2,14,pfc
22234.3,7,oculta
22239.3,1,sensorial
22240.2,5,oculta
22242.0,6,oculta
22244.0,0,sensorial
22245.5,1,sensorial
22248.6,7,oculta
22251.7,12,pfc
22251.7,13,pfc
22251.7,14,pfc
22252.4,1,sensorial
22257.100000000002,0,sensorial
22257.2,5,oculta
22258.300000000003,6,oculta
22259.3,1,sensorial
22263.2,7,oculta
22265.600000000002,1,sensorial
22270.1,0,sensorial
22270.2,12,pfc
22270.2,13,pfc
22270.2,14,pfc
22272.5,1,sensorial
22274.2,5,oculta
22274.5,6,oculta
22277.9,7,oculta
22278.7,1,sensorial
22282.800000000003,0,sensorial
22285.600000000002,1,sensorial
22288.7,12,pfc
22288.7,13,pfc
22288.7,14,pfc
22290.100000000002,6,oculta
22291.399999999998,5,oculta
22292.5,1,sensorial
22292.899999999998,7,oculta
22297.2,0,sensorial
22298.8,1,sensorial
22305.600000000002,6,oculta
22305.7,1,sensorial
22307.2,12,pfc
22307.2,13,pfc
22307.2,14,pfc
22308.199999999997,7,oculta
22308.600000000002,5,oculta
22311.7,0,sensorial
22312.0,1,sensorial
22318.899999999998,1,sensorial
22321.3,6,oculta
22322.000000000004,7,oculta
22325.100000000002,1,sensorial
22325.300000000003,0,sensorial
22325.7,12,pfc
22325.7,13,pfc
22325.7,14,pfc
22326.0,5,oculta
22332.0,1,sensorial
22336.7,7,oculta
22337.300000000003,6,oculta
22338.9,0,sensorial
22338.9,1,sensorial
22343.0,5,oculta
22344.2,12,pfc
22344.2,13,pfc
22344.2,14,pfc
22345.2,1,sensorial
22351.600000000002,7,oculta
22352.1,1,sensorial
22352.500000000004,0,sensorial
22353.6,6,oculta
22358.3,1,sensorial
22360.100000000002,5,oculta
22362.7,12,pfc
22362.7,13,pfc
22362.7,14,pfc
22365.2,1,sensorial
22366.1,0,sensorial
22366.9,7,oculta
22370.2,6,oculta
22372.1,1,sensorial
22377.300000000003,5,oculta
22378.4,1,sensorial
22379.6,0,sensorial
22381.2,12,pfc
22381.2,13,pfc
22381.2,14,pfc
22381.500000000004,7,oculta
22384.399999999998,6,oculta
22385.3,1,sensorial
22391.6,1,sensorial
22393.0,0,sensorial
22394.7,5,oculta
22396.2,7,oculta
22398.5,1,sensorial
22399.7,6,oculta
22399.7,12,pfc
22399.7,13,pfc
22399.7,14,pfc
22404.800000000003,1,sensorial
22406.4,0,sensorial
22411.2,7,oculta
22411.5,5,oculta
22411.7,1,sensorial
22415.2,6,oculta
22418.2,12,pfc
22418.2,13,pfc
22418.2,14,pfc
22418.4,1,sensorial
22419.600000000002,0,sensorial
22425.3,1,sensorial
22426.4,7,oculta
22428.800000000003,5,oculta
22431.0,6,oculta
22432.2,1,sensorial
22432.6,0,sensorial
22436.7,12,pfc
22436.7,13,pfc
22436.7,14,pfc
22438.5,1,sensorial
22441.600000000002,7,oculta
22445.399999999998,1,sensorial
22445.9,0,sensorial
22446.0,5,oculta
22447.100000000002,6,oculta
22451.600000000002,1,sensorial
22455.2,12,pfc
22455.2,13,pfc
22455.2,14,pfc
22456.0,7,oculta
22458.5,1,sensorial
22460.3,0,sensorial
22463.1,5,oculta
22463.5,6,oculta
22465.4,1,sensorial
22470.5,7,oculta
22471.7,1,sensorial
22473.7,12,pfc
22473.7,13,pfc
22473.7,14,pfc
22474.800000000003,0,sensorial
22478.6,1,sensorial
22479.2,6,oculta
22479.7,5,oculta
22484.899999999998,1,sensorial
22485.2,7,oculta
22489.3,0,sensorial
22491.8,1,sensorial
22492.2,12,pfc
22492.2,13,pfc
22492.2,14,pfc
22494.5,6,oculta
22496.3,5,oculta
22498.0,1,sensorial
22501.100000000002,7,oculta
22503.800000000003,4,sensorial
22506.0,1,sensorial
22514.2,4,sensorial
22514.300000000003,1,sensorial
22522.6,1,sensorial
22524.6,4,sensorial
22527.1,5,oculta
22530.9,1,sensorial
22534.000000000004,7,oculta
22535.0,4,sensorial
22539.2,1,sensorial
22544.800000000003,4,sensorial
22547.5,1,sensorial
22555.2,4,sensorial
22555.8,1,sensorial
22557.7,5,oculta
22564.1,1,sensorial
22565.6,4,sensorial
22567.2,7,oculta
22572.4,1,sensorial
22575.300000000003,4,sensorial
22580.7,1,sensorial
22585.7,4,sensorial
22588.2,5,oculta
22589.0,1,sensorial
22596.1,4,sensorial
22597.3,1,sensorial
22600.4,7,oculta
22605.600000000002,1,sensorial
22605.7,4,sensorial
22613.9,1,sensorial
22616.1,4,sensorial
22618.6,5,oculta
22622.2,1,sensorial
22626.5,4,sensorial
22630.5,1,sensorial
22633.600000000002,7,oculta
22636.4,4,sensorial
22638.8,1,sensorial
22646.800000000003,4,sensorial
22647.100000000002,1,sensorial
22649.3,5,oculta
22655.4,1,sensorial
22657.2,4,sensorial
22663.7,1,sensorial
22666.800000000003,7,oculta
22667.6,4,sensorial
22672.0,1,sensorial
22677.4,4,sensorial
22679.899999999998,5,oculta
22680.300000000003,1,sensorial
22687.800000000003,4,sensorial
22688.600000000002,1,sensorial
22696.899999999998,1,sensorial
22698.2,4,sensorial
22700.000000000004,7,oculta
22705.2,1,sensorial
22707.9,4,sensorial
22710.399999999998,5,oculta
22713.5,1,sensorial
22718.300000000003,4,sensorial
22721.800000000003,1,sensorial
22728.7,4,sensorial
22730.1,1,sensorial
22733.2,7,oculta
22738.300000000003,4,sensorial
22738.4,1,sensorial
22740.8,5,oculta
22746.7,1,sensorial
22748.7,4,sensorial
22755.000000000004,1,sensorial
22759.1,4,sensorial
22763.3,1,sensorial
22766.4,7,oculta
22769.2,4,sensorial
22771.6,1,sensorial
22771.7,5,oculta
22779.600000000002,4,sensorial
22779.9,1,sensorial
22788.2,1,sensorial
22790.000000000004,4,sensorial
22796.5,1,sensorial
22799.600000000002,7,oculta
22800.399999999998,4,sensorial
22802.9,5,oculta
22804.8,1,sensorial
22810.2,4,sensorial
22813.100000000002,1,sensorial
22820.600000000002,4,sensorial
22821.4,1,sensorial
22829.7,1,sensorial
22831.0,4,sensorial
22832.800000000003,7,oculta
22833.5,5,oculta
22838.0,1,sensorial
22840.7,4,sensorial
22846.3,1,sensorial
22851.100000000002,4,sensorial
22854.600000000002,1,sensorial
22861.5,4,sensorial
22862.899999999998,1,sensorial
22864.0,5,oculta
22866.0,7,oculta
22871.0,4,sensorial
22871.2,1,sensorial
22879.5,1,sensorial
22881.4,4,sensorial
22887.800000000003,1,sensorial
22891.8,4,sensorial
22894.3,5,oculta
22896.1,1,sensorial
22899.2,7,oculta
22902.0,4,sensorial
22904.4,1,sensorial
22912.4,4,sensorial
22912.7,1,sensorial
22921.0,1,sensorial
22922.800000000003,4,sensorial
22925.3,5,oculta
22929.3,1,sensorial
22932.4,7,oculta
22933.199999999997,4,sensorial
22937.6,1,sensorial
22942.9,4,sensorial
22945.9,1,sensorial
22953.300000000003,4,sensorial
22954.2,1,sensorial
22955.8,5,oculta
22962.5,1,sensorial
22963.699999999997,4,sensorial
22965.600000000002,7,oculta
22970.8,1,sensorial
22973.300000000003,4,sensorial
22979.100000000002,1,sensorial
22983.7,4,sensorial
22986.2,5,oculta
22987.4,1,sensorial
22994.1,4,sensorial
22995.699999999997,1,sensorial
22998.800000000003,7,oculta
23020.7,3,sensorial
23045.7,3,sensorial
23070.7,3,sensorial
23095.7,3,sensorial
23120.699999999997,3,sensorial
23145.7,3,sensorial
23170.7,3,sensorial
23195.7,3,sensorial
23220.7,3,sensorial
23245.699999999997,3,sensorial
23270.7,3,sensorial
23295.7,3,sensorial
23320.7,3,sensorial
23345.7,3,sensorial
23370.699999999997,3,sensorial
23395.7,3,sensorial
23420.7,3,sensorial
23445.7,3,sensorial
23470.7,3,sensorial
23495.699999999997,3,sensorial
27015.1,0,sensorial
27015.1,1,sensorial
27015.1,2,sensorial
27015.1,3,sensorial
27015.1,4,sensorial
27015.1,5,oculta
27015.1,6,oculta
27015.1,7,oculta
27015.1,12,pfc
27015.1,13,pfc
27015.1,14,pfc
27036.800000000003,7,oculta
27037.4,5,oculta
27038.4,2,sensorial
27038.9,6,oculta
27039.2,1,sensorial
27039.3,0,sensorial
27039.3,4,sensorial
27040.7,3,sensorial
27040.7,12,pfc
27040.7,13,pfc
27040.7,14,pfc
27058.0,7,oculta
27059.5,5,oculta
27060.8,4,sensorial
27061.600000000002,2,sensorial
27062.3,0,sensorial
27062.7,6,oculta
27063.300000000003,1,sensorial
27066.300000000003,3,sensorial
27066.300000000003,12,pfc
27066.300000000003,13,pfc
27066.300000000003,14,pfc
27078.5,7,oculta
27081.7,5,oculta
27082.7,2,sensorial
27083.0,4,sensorial
27083.7,0,sensorial
27086.6,6,oculta
27087.5,1,sensorial
27091.9,3,sensorial
27091.9,12,pfc
27091.9,13,pfc
27091.9,14,pfc
27098.2,7,oculta
27103.6,2,sensorial
27104.000000000004,5,oculta
27105.4,0,sensorial
27105.500000000004,4,sensorial
27109.8,6,oculta
27111.800000000003,1,sensorial
27116.100000000002,7,oculta
27117.5,3,sensorial
27117.5,12,pfc
27117.5,13,pfc
27117.5,14,pfc
27124.7,2,sensorial
27126.2,5,oculta
27127.9,0,sensorial
27128.7,4,sensorial
27132.3,6,oculta
27135.5,1,sensorial
27138.2,7,oculta
27143.1,3,sensorial
27143.1,12,pfc
27143.1,13,pfc
27143.1,14,pfc
27145.2,2,sensorial
27148.100000000002,5,oculta
27150.4,0,sensorial
27152.1,4,sensorial
27154.8,6,oculta
27158.0,1,sensorial
27158.9,7,oculta
27165.2,2,sensorial
27168.7,3,sensorial
27168.7,12,pfc
27168.7,13,pfc
27168.7,14,pfc
27171.300000000003,5,oculta
27173.2,0,sensorial
27175.9,4,sensorial
27177.600000000002,6,oculta
27179.4,7,oculta
27180.8,1,sensorial
27184.2,2,sensorial
27193.8,5,oculta
27194.300000000003,3,sensorial
27194.300000000003,12,pfc
27194.300000000003,13,pfc
27194.300000000003,14,pfc
27196.4,0,sensorial
27200.100000000002,4,sensorial
27200.300000000003,7,oculta
27200.8,6,oculta
27204.0,1,sensorial
27204.3,2,sensorial
27216.1,5,oculta
27219.9,3,sensorial
27219.9,12,pfc
27219.9,13,pfc
27219.9,14,pfc
27220.000000000004,0,sensorial
27221.7,7,oculta
27224.4,6,oculta
27224.500000000004,4,sensorial
27225.3,2,sensorial
27227.600000000002,1,sensorial
27238.100000000002,5,oculta
27242.399999999998,7,oculta
27243.899999999998,0,sensorial
27245.5,3,sensorial
27245.5,12,pfc
27245.5,13,pfc
27245.5,14,pfc
27246.0,2,sensorial
27246.8,4,sensorial
27248.3,6,oculta
27251.5,1,sensorial
27260.0,5,oculta
27262.600000000002,7,oculta
27266.2,2,sensorial
27266.899999999998,0,sensorial
27269.3,4,sensorial
27271.1,3,sensorial
27271.1,12,pfc
27271.1,13,pfc
27271.1,14,pfc
27271.3,6,oculta
27274.5,1,sensorial
27281.5,5,oculta
27282.1,7,oculta
27285.7,2,sensorial
27288.3,0,sensorial
27292.3,4,sensorial
27292.7,6,oculta
27295.899999999998,1,sensorial
27296.7,3,sensorial
27296.7,12,pfc
27296.7,13,pfc
27296.7,14,pfc
27300.9,7,oculta
27302.2,5,oculta
27304.5,2,sensorial
27310.2,0,sensorial
27314.600000000002,6,oculta
27315.9,4,sensorial
27317.800000000003,1,sensorial
27320.9,7,oculta
27322.300000000003,3,sensorial
27322.300000000003,12,pfc
27322.300000000003,13,pfc
27322.300000000003,14,pfc
27323.4,5,oculta
27324.5,2,sensorial
27332.5,0,sensorial
27336.899999999998,6,oculta
27339.899999999998,4,sensorial
27340.1,1,sensorial
27343.2,7,oculta
27343.600000000002,5,oculta
27346.800000000003,2,sensorial
27347.9,3,sensorial
27347.9,12,pfc
27347.9,13,pfc
27347.9,14,pfc
27354.7,0,sensorial
27359.100000000002,6,oculta
27362.3,1,sensorial
27363.7,4,sensorial
27365.4,7,oculta
27366.2,5,oculta
27369.0,2,sensorial
27373.5,3,sensorial
27373.5,12,pfc
27373.5,13,pfc
27373.5,14,pfc
27376.800000000003,0,sensorial
27381.2,6,oculta
27384.4,1,sensorial
27387.500000000004,4,sensorial
27387.500000000004,7,oculta
27388.899999999998,5,oculta
27391.100000000002,2,sensorial
27398.9,0,sensorial
27399.1,3,sensorial
27399.1,12,pfc
27399.1,13,pfc
27399.1,14,pfc
27403.3,6,oculta
27406.5,1,sensorial
27409.600000000002,7,oculta
27410.0,5,oculta
27411.4,4,sensorial
27413.2,2,sensorial
27420.899999999998,0,sensorial
27424.7,3,sensorial
27424.7,12,pfc
27424.7,13,pfc
27424.7,14,pfc
27425.3,6,oculta
27428.5,1,sensorial
27431.6,7,oculta
27432.0,5,oculta
27434.399999999998,4,sensorial
27435.2,2,sensorial
27442.9,0,sensorial
27447.300000000003,6,oculta
27450.300000000003,3,sensorial
27450.300000000003,12,pfc
27450.300000000003,13,pfc
27450.300000000003,14,pfc
27450.5,1,sensorial
27453.600000000002,7,oculta
27454.0,5,oculta
27456.4,4,sensorial
27457.2,2,sensorial
27464.8,0,sensorial
27469.2,6,oculta
27472.4,1,sensorial
27475.5,7,oculta
27475.9,3,sensorial
27475.9,5,oculta
27475.9,12,pfc
27475.9,13,pfc
27475.9,14,pfc
27478.3,4,sensorial
27479.100000000002,2,sensorial
27486.600000000002,0,sensorial
27491.0,6,oculta
27494.2,1,sensorial
27497.300000000003,7,oculta
27497.7,5,oculta
27500.1,4,sensorial
27500.600000000002,3,sensorial
27500.600000000002,12,pfc
27500.600000000002,13,pfc
27500.600000000002,14,pfc
27500.7,2,sensorial
27504.3,0,sensorial
27508.7,6,oculta
27511.9,1,sensorial
27512.500000000004,7,oculta
27512.9,5,oculta
27514.2,2,sensorial
27515.3,4,sensorial
27517.2,3,sensorial
27517.2,12,pfc
27517.2,13,pfc
27517.2,14,pfc
27518.399999999998,0,sensorial
27522.8,6,oculta
27525.899999999998,7,oculta
27526.0,1,sensorial
27526.8,5,oculta
27527.399999999998,2,sensorial
27529.300000000003,4,sensorial
27532.600000000002,0,sensorial
27533.800000000003,3,sensorial
27533.800000000003,12,pfc
27533.800000000003,13,pfc
27533.800000000003,14,pfc
27537.000000000004,6,oculta
27539.2,7,oculta
27540.2,1,sensorial
27540.5,2,sensorial
27540.5,5,oculta
27543.2,4,sensorial
27547.0,0,sensorial
27550.399999999998,3,sensorial
27550.399999999998,12,pfc
27550.399999999998,13,pfc
27550.399999999998,14,pfc
27551.4,6,oculta
27552.300000000003,7,oculta
27554.5,5,oculta
27554.6,1,sensorial
27554.899999999998,2,sensorial
27557.0,4,sensorial
27561.600000000002,0,sensorial
27565.5,7,oculta
27566.000000000004,6,oculta
27567.0,3,sensorial
27567.0,12,pfc
27567.0,13,pfc
27567.0,14,pfc
27568.6,5,oculta
27569.100000000002,2,sensorial
27569.2,1,sensorial
27570.7,4,sensorial
27576.399999999998,0,sensorial
27579.2,7,oculta
27580.8,6,oculta
27582.399999999998,5,oculta
27582.800000000003,2,sensorial
27583.6,3,sensorial
27583.6,12,pfc
27583.6,13,pfc
27583.6,14,pfc
27584.0,1,sensorial
27584.2,4,sensorial
27591.3,0,sensorial
27592.100000000002,7,oculta
27595.7,6,oculta
27596.0,2,sensorial
27596.2,5,oculta
27598.7,4,sensorial
27598.9,1,sensorial
27600.2,3,sensorial
27600.2,12,pfc
27600.2,13,pfc
27600.2,14,pfc
27604.7,7,oculta
27606.4,0,sensorial
27609.100000000002,2,sensorial
27610.5,5,oculta
27610.8,6,oculta
27613.5,4,sensorial
27614.0,1,sensorial
27616.8,3,sensorial
27616.8,12,pfc
27616.8,13,pfc
27616.8,14,pfc
27617.1,7,oculta
27621.4,0,sensorial
27622.0,2,sensorial
27625.1,5,oculta
27625.800000000003,6,oculta
27628.0,4,sensorial
27629.0,1,sensorial
27631.500000000004,7,oculta
27633.4,3,sensorial
27633.4,12,pfc
27633.4,13,pfc
27633.4,14,pfc
27635.100000000002,2,sensorial
27635.8,0,sensorial
27639.100000000002,5,oculta
27640.2,6,oculta
27642.5,4,sensorial
27643.399999999998,1,sensorial
27644.8,7,oculta
27648.4,2,sensorial
27649.800000000003,0,sensorial
27650.0,3,sensorial
27650.0,12,pfc
27650.0,13,pfc
27650.0,14,pfc
27653.4,5,oculta
27654.2,6,oculta
27657.2,4,sensorial
27657.4,1,sensorial
27658.0,7,oculta
27661.6,2,sensorial
27663.9,0,sensorial
27666.600000000002,3,sensorial
27666.600000000002,12,pfc
27666.600000000002,13,pfc
27666.600000000002,14,pfc
27667.7,5,oculta
27668.300000000003,6,oculta
27671.100000000002,7,oculta
27671.5,1,sensorial
27671.5,4,sensorial
27674.7,2,sensorial
27678.2,0,sensorial
27681.7,5,oculta
27682.6,6,oculta
27683.2,3,sensorial
27683.2,12,pfc
27683.2,13,pfc
27683.2,14,pfc
27684.0,7,oculta
27685.8,1,sensorial
27685.8,4,sensorial
27687.6,2,sensorial
27692.7,0,sensorial
27695.7,5,oculta
27696.6,7,oculta
27697.100000000002,6,oculta
27699.4,4,sensorial
27699.8,3,sensorial
27699.8,12,pfc
27699.8,13,pfc
27699.8,14,pfc
27700.300000000003,1,sensorial
27700.600000000002,2,sensorial
27707.5,0,sensorial
27709.8,5,oculta
27710.3,7,oculta
27711.899999999998,6,oculta
27713.1,4,sensorial
27714.6,2,sensorial
27715.1,1,sensorial
27716.399999999998,3,sensorial
27716.399999999998,12,pfc
27716.399999999998,13,pfc
27716.399999999998,14,pfc
27722.4,0,sensorial
27723.100000000002,7,oculta
27723.8,5,oculta
27726.8,6,oculta
27726.9,4,sensorial
27727.500000000004,2,sensorial
27730.0,1,sensorial
27733.0,3,sensorial
27733.0,12,pfc
27733.0,13,pfc
27733.0,14,pfc
27735.600000000002,7,oculta
27737.5,0,sensorial
27737.899999999998,5,oculta
27740.4,2,sensorial
27740.8,4,sensorial
27741.9,6,oculta
27745.1,1,sensorial
27748.2,7,oculta
27749.6,3,sensorial
27749.6,12,pfc
27749.6,13,pfc
27749.6,14,pfc
27752.4,5,oculta
27752.5,0,sensorial
27753.1,2,sensorial
27754.800000000003,4,sensorial
27756.9,6,oculta
27760.100000000002,1,sensorial
27762.2,7,oculta
27765.800000000003,2,sensorial
27766.2,3,sensorial
27766.2,12,pfc
27766.2,13,pfc
27766.2,14,pfc
27766.5,0,sensorial
27766.5,5,oculta
27768.800000000003,4,sensorial
27770.9,6,oculta
27774.1,1,sensorial
27775.2,7,oculta
27778.8,2,sensorial
27780.5,0,sensorial
27780.7,5,oculta
27782.800000000003,3,sensorial
27782.800000000003,12,pfc
27782.800000000003,13,pfc
27782.800000000003,14,pfc
27782.9,4,sensorial
27784.9,6,oculta
27788.1,1,sensorial
27788.1,7,oculta
27791.7,2,sensorial
27794.7,0,sensorial
27795.0,5,oculta
27797.2,4,sensorial
27799.100000000002,6,oculta
27799.4,3,sensorial
27799.4,12,pfc
27799.4,13,pfc
27799.4,14,pfc
27800.9,7,oculta
27802.300000000003,1,sensorial
27804.5,2,sensorial
27809.1,0,sensorial
27809.3,5,oculta
27811.7,4,sensorial
27813.4,7,oculta
27813.5,6,oculta
27816.000000000004,3,sensorial
27816.000000000004,12,pfc
27816.000000000004,13,pfc
27816.000000000004,14,pfc
27816.7,1,sensorial
27817.0,2,sensorial
27823.3,5,oculta
27823.800000000003,0,sensorial
27826.500000000004,4,sensorial
27827.0,7,oculta
27828.2,6,oculta
27830.899999999998,2,sensorial
27831.4,1,sensorial
27832.600000000002,3,sensorial
27832.600000000002,12,pfc
27832.600000000002,13,pfc
27832.600000000002,14,pfc
27837.300000000003,5,oculta
27838.7,0,sensorial
27839.8,7,oculta
27841.5,4,sensorial
27843.1,6,oculta
27843.7,2,sensorial
27846.300000000003,1,sensorial
27849.2,3,sensorial
27849.2,12,pfc
27849.2,13,pfc
27849.2,14,pfc
27851.2,5,oculta
27852.3,7,oculta
27853.8,0,sensorial
27855.1,4,sensorial
27856.4,2,sensorial
27858.2,6,oculta
27861.399999999998,1,sensorial
27864.5,7,oculta
27864.9,5,oculta
27865.8,3,sensorial
27865.8,12,pfc
27865.8,13,pfc
27865.8,14,pfc
27868.8,0,sensorial
27869.0,2,sensorial
27869.2,4,sensorial
27873.2,6,oculta
27876.4,1,sensorial
27878.4,7,oculta
27879.9,5,oculta
27882.0,2,sensorial
27882.4,3,sensorial
27882.4,12,pfc
27882.4,13,pfc
27882.4,14,pfc
27882.8,0,sensorial
27883.2,4,sensorial
27887.2,6,oculta
27890.399999999998,1,sensorial
27891.3,7,oculta
27893.9,5,oculta
27894.899999999998,2,sensorial
27896.800000000003,0,sensorial
27897.3,4,sensorial
27899.0,3,sensorial
27899.0,12,pfc
27899.0,13,pfc
27899.0,14,pfc
27901.2,6,oculta
27904.1,7,oculta
27904.4,1,sensorial
27907.7,2,sensorial
27907.9,5,oculta
27911.100000000002,0,sensorial
27911.6,4,sensorial
27915.5,6,oculta
27915.600000000002,3,sensorial
27915.600000000002,12,pfc
27915.600000000002,13,pfc
27915.600000000002,14,pfc
27916.7,7,oculta
27918.7,1,sensorial
27920.3,2,sensorial
27922.2,5,oculta
27925.600000000002,0,sensorial
27926.100000000002,4,sensorial
27929.5,7,oculta
27930.0,6,oculta
27932.2,3,sensorial
27932.2,12,pfc
27932.2,13,pfc
27932.2,14,pfc
27933.2,1,sensorial
27933.5,2,sensorial
27936.7,5,oculta
27940.4,0,sensorial
27940.800000000003,4,sensorial
27943.0,7,oculta
27944.8,6,oculta
27947.5,2,sensorial
27948.0,1,sensorial
27948.800000000003,3,sensorial
27948.800000000003,12,pfc
27948.800000000003,13,pfc
27948.800000000003,14,pfc
27951.500000000004,5,oculta
27955.3,0,sensorial
27955.5,7,oculta
27955.7,4,sensorial
27959.7,6,oculta
27960.5,2,sensorial
27962.9,1,sensorial
27965.4,3,sensorial
27965.4,12,pfc
27965.4,13,pfc
27965.4,14,pfc
27966.399999999998,5,oculta
27967.6,7,oculta
27970.4,4,sensorial
27970.5,0,sensorial
27973.5,2,sensorial
27974.9,6,oculta
27978.100000000002,1,sensorial
27981.100000000002,7,oculta
27981.6,5,oculta
27982.000000000004,3,sensorial
27982.000000000004,12,pfc
27982.000000000004,13,pfc
27982.000000000004,14,pfc
27984.2,4,sensorial
27985.4,0,sensorial
27986.3,2,sensorial
27989.800000000003,6,oculta
27993.0,1,sensorial
27994.7,7,oculta
27996.5,5,oculta
27997.9,4,sensorial
27998.6,3,sensorial
27998.6,12,pfc
27998.6,13,pfc
27998.6,14,pfc
27998.7,2,sensorial
27999.5,0,sensorial
28004.100000000002,6,oculta
28008.8,1,sensorial
28009.500000000004,7,oculta
28012.3,5,oculta
28013.100000000002,2,sensorial
28014.2,4,sensorial
28016.4,0,sensorial
28018.500000000004,3,sensorial
28018.500000000004,12,pfc
28018.500000000004,13,pfc
28018.500000000004,14,pfc
28020.8,6,oculta
28025.100000000002,7,oculta
28025.5,1,sensorial
28028.7,2,sensorial
28029.0,5,oculta
28030.9,4,sensorial
28033.6,0,sensorial
28038.0,6,oculta
28038.600000000002,3,sensorial
28038.600000000002,12,pfc
28038.600000000002,13,pfc
28038.600000000002,14,pfc
28040.5,7,oculta
28042.100000000002,1,sensorial
28044.1,2,sensorial
28045.6,5,oculta
28047.9,4,sensorial
28051.2,0,sensorial
28055.5,7,oculta
28055.600000000002,6,oculta
28058.7,3,sensorial
28058.7,12,pfc
28058.7,13,pfc
28058.7,14,pfc
28058.8,1,sensorial
28059.1,2,sensorial
28062.3,5,oculta
28065.2,4,sensorial
28069.2,0,sensorial
28072.300000000003,7,oculta
28073.600000000002,6,oculta
28075.9,2,sensorial
28076.800000000003,1,sensorial
28078.8,3,sensorial
28078.8,12,pfc
28078.8,13,pfc
28078.8,14,pfc
28080.3,5,oculta
28082.600000000002,4,sensorial
28087.4,0,sensorial
28088.2,7,oculta
28091.800000000003,2,sensorial
28091.800000000003,6,oculta
28095.000000000004,1,sensorial
28098.5,5,oculta
28098.9,3,sensorial
28098.9,12,pfc
28098.9,13,pfc
28098.9,14,pfc
28100.100000000002,4,sensorial
28103.8,7,oculta
28105.9,0,sensorial
28107.4,2,sensorial
28110.300000000003,6,oculta
28113.5,1,sensorial
28117.0,5,oculta
28117.800000000003,4,sensorial
28118.899999999998,7,oculta
28119.0,3,sensorial
28119.0,12,pfc
28119.0,13,pfc
28119.0,14,pfc
28122.5,2,sensorial
28123.2,0,sensorial
28127.600000000002,6,oculta
28130.8,1,sensorial
28133.9,7,oculta
28134.3,5,oculta
28135.8,4,sensorial
28137.500000000004,2,sensorial
28139.100000000002,3,sensorial
28139.100000000002,12,pfc
28139.100000000002,13,pfc
28139.100000000002,14,pfc
28140.2,0,sensorial
28144.6,6,oculta
28147.8,1,sensorial
28150.8,7,oculta
28151.300000000003,5,oculta
28153.6,4,sensorial
28154.4,2,sensorial
28157.0,0,sensorial
28159.2,3,sensorial
28159.2,12,pfc
28159.2,13,pfc
28159.2,14,pfc
28161.4,6,oculta
28164.6,1,sensorial
28167.7,7,oculta
28168.100000000002,5,oculta
28170.5,4,sensorial
28171.300000000003,2,sensorial
28173.8,0,sensorial
28178.2,6,oculta
28179.3,3,sensorial
28179.3,12,pfc
28179.3,13,pfc
28179.3,14,pfc
28181.399999999998,1,sensorial
28184.5,7,oculta
28184.9,5,oculta
28187.3,4,sensorial
28188.100000000002,2,sensorial
28190.6,0,sensorial
28195.0,6,oculta
28198.2,1,sensorial
28199.4,3,sensorial
28199.4,12,pfc
28199.4,13,pfc
28199.4,14,pfc
28201.3,7,oculta
28201.7,5,oculta
28204.1,4,sensorial
28204.9,2,sensorial
28207.399999999998,0,sensorial
28211.8,6,oculta
28215.0,1,sensorial
28218.1,7,oculta
28218.5,5,oculta
28219.5,3,sensorial
28219.5,12,pfc
28219.5,13,pfc
28219.5,14,pfc
28220.9,4,sensorial
28221.7,2,sensorial
28224.2,0,sensorial
28228.6,6,oculta
28231.8,1,sensorial
28234.899999999998,7,oculta
28235.300000000003,5,oculta
28237.7,4,sensorial
28238.5,2,sensorial
28239.600000000002,3,sensorial
28239.600000000002,12,pfc
28239.600000000002,13,pfc
28239.600000000002,14,pfc
28241.0,0,sensorial
28245.399999999998,6,oculta
28248.6,1,sensorial
28251.7,7,oculta
28252.100000000002,5,oculta
28254.5,4,sensorial
28255.300000000003,2,sensorial
28257.8,0,sensorial
28259.7,3,sensorial
28259.7,12,pfc
28259.7,13,pfc
28259.7,14,pfc
28262.2,6,oculta
28265.399999999998,1,sensorial
28268.500000000004,7,oculta
28268.9,5,oculta
28271.3,4,sensorial
28272.100000000002,2,sensorial
28274.600000000002,0,sensorial
28279.0,6,oculta
28279.8,3,sensorial
28279.8,12,pfc
28279.8,13,pfc
28279.8,14,pfc
28282.2,1,sensorial
28285.300000000003,7,oculta
28285.7,5,oculta
28288.1,4,sensorial
28288.9,2,sensorial
28291.4,0,sensorial
28295.8,6,oculta
28299.000000000004,1,sensorial
28299.9,3,sensorial
28299.9,12,pfc
28299.9,13,pfc
28299.9,14,pfc
28302.100000000002,7,oculta
28302.5,5,oculta
28304.899999999998,4,sensorial
28305.7,2,sensorial
28308.2,0,sensorial
28312.6,6,oculta
28315.800000000003,1,sensorial
28318.9,7,oculta
28319.300000000003,5,oculta
28320.0,3,sensorial
28320.0,12,pfc
28320.0,13,pfc
28320.0,14,pfc
28321.7,4,sensorial
28322.5,2,sensorial
28325.000000000004,0,sensorial
28329.399999999998,6,oculta
28332.600000000002,1,sensorial
28335.7,7,oculta
28336.100000000002,5,oculta
28338.5,4,sensorial
28339.3,2,sensorial
28340.1,3,sensorial
28340.1,12,pfc
28340.1,13,pfc
28340.1,14,pfc
28341.800000000003,0,sensorial
28346.2,6,oculta
28349.4,1,sensorial
28352.500000000004,7,oculta
28352.9,5,oculta
28355.3,4,sensorial
28356.100000000002,2,sensorial
28358.600000000002,0,sensorial
28360.2,3,sensorial
28360.2,12,pfc
28360.2,13,pfc
28360.2,14,pfc
28363.000000000004,6,oculta
28366.2,1,sensorial
28369.300000000003,7,oculta
28369.7,5,oculta
28372.1,4,sensorial
28372.9,2,sensorial
28375.4,0,sensorial
28379.800000000003,6,oculta
28380.300000000003,3,sensorial
28380.300000000003,12,pfc
28380.300000000003,13,pfc
28380.300000000003,14,pfc
28383.000000000004,1,sensorial
28386.100000000002,7,oculta
28386.5,5,oculta
28388.9,4,sensorial
28389.7,2,sensorial
28392.2,0,sensorial
28396.600000000002,6,oculta
28399.800000000003,1,sensorial
28400.4,3,sensorial
28400.4,12,pfc
28400.4,13,pfc
28400.4,14,pfc
28402.9,7,oculta
28403.3,5,oculta
28405.7,4,sensorial
28406.5,2,sensorial
28409.000000000004,0,sensorial
28413.4,6,oculta
28416.600000000002,1,sensorial
28419.7,7,oculta
28420.100000000002,5,oculta
28420.5,3,sensorial
28420.5,12,pfc
28420.5,13,pfc
28420.5,14,pfc
28422.500000000004,4,sensorial
28423.3,2,sensorial
28425.800000000003,0,sensorial
28430.2,6,oculta
28433.4,1,sensorial
28436.5,7,oculta
28436.9,5,oculta
28439.300000000003,4,sensorial
28440.100000000002,2,sensorial
28440.6,3,sensorial
28440.6,12,pfc
28440.6,13,pfc
28440.6,14,pfc
28442.600000000002,0,sensorial
28447.000000000004,6,oculta
28450.2,1,sensorial
28453.300000000003,7,oculta
28453.7,5,oculta
28456.100000000002,4,sensorial
28456.9,2,sensorial
28459.4,0,sensorial
28460.7,3,sensorial
28460.7,12,pfc
28460.7,13,pfc
28460.7,14,pfc
28463.800000000003,6,oculta
28467.0,1,sensorial
28470.100000000002,7,oculta
28470.5,5,oculta
28472.9,4,sensorial
28473.7,2,sensorial
28476.2,0,sensorial
28480.600000000002,6,oculta
28480.800000000003,3,sensorial
28480.800000000003,12,pfc
28480.800000000003,13,pfc
28480.800000000003,14,pfc
28483.800000000003,1,sensorial
28486.9,7,oculta
28487.3,5,oculta
28489.7,4,sensorial
28490.5,2,sensorial
28493.0,0,sensorial
28497.4,6,oculta
33009.4,0,sensorial
33009.4,1,sensorial
33009.4,2,sensorial
33009.4,3,sensorial
33009.4,4,sensorial
33009.4,5,oculta
33009.4,6,oculta
33009.4,7,oculta
33009.4,12,pfc
33009.4,13,pfc
33009.4,14,pfc
33027.5,7,oculta
33028.3,2,sensorial
33029.4,4,sensorial
33029.4,5,oculta
33029.6,6,oculta
33029.8,0,sensorial
33030.0,1,sensorial
33031.5,3,sensorial
33031.5,12,pfc
33031.5,13,pfc
33031.5,14,pfc
33045.100000000006,7,oculta
33047.200000000004,2,sensorial
33047.899999999994,4,sensorial
33049.3,5,oculta
33049.4,0,sensorial
33049.9,6,oculta
33050.7,1,sensorial
33053.600000000006,3,sensorial
33053.600000000006,12,pfc
33053.600000000006,13,pfc
33053.600000000006,14,pfc
33062.00000000001,7,oculta
33065.4,4,sensorial
33065.600000000006,2,sensorial
33067.6,0,sensorial
33069.299999999996,5,oculta
33070.3,6,oculta
33071.5,1,sensorial
33075.700000000004,3,sensorial
33075.700000000004,12,pfc
33075.700000000004,13,pfc
33075.700000000004,14,pfc
33077.8,7,oculta
33081.9,2,sensorial
33083.1,4,sensorial
33086.3,0,sensorial
33089.0,5,oculta
33090.7,6,oculta
33092.4,1,sensorial
33095.5,7,oculta
33097.799999999996,3,sensorial
33097.799999999996,12,pfc
33097.799999999996,13,pfc
33097.799999999996,14,pfc
33099.1,2,sensorial
33100.700000000004,4,sensorial
33105.200000000004,0,sensorial
33108.200000000004,5,oculta
33109.6,6,oculta
33112.8,1,sensorial
33114.3,7,oculta
33117.8,4,sensorial
33117.9,2,sensorial
33119.9,3,sensorial
33119.9,12,pfc
33119.9,13,pfc
33119.9,14,pfc
33124.200000000004,0,sensorial
33127.0,5,oculta
33128.6,6,oculta
33131.3,7,oculta
33131.799999999996,1,sensorial
33134.799999999996,4,sensorial
33134.9,2,sensorial
33142.0,3,sensorial
33142.0,12,pfc
33142.0,13,pfc
33142.0,14,pfc
33143.6,0,sensorial
33146.0,5,oculta
33147.7,7,oculta
33148.0,6,oculta
33151.200000000004,1,sensorial
33151.5,2,sensorial
33151.6,4,sensorial
33163.5,0,sensorial
33164.100000000006,3,sensorial
33164.100000000006,12,pfc
33164.100000000006,13,pfc
33164.100000000006,14,pfc
33165.2,5,oculta
33166.200000000004,7,oculta
33167.9,6,oculta
33169.5,4,sensorial
33169.8,2,sensorial
33171.1,1,sensorial
33183.6,0,sensorial
33183.6,7,oculta
33184.200000000004,5,oculta
33186.2,3,sensorial
33186.2,12,pfc
33186.2,13,pfc
33186.2,14,pfc
33186.799999999996,4,sensorial
33187.200000000004,2,sensorial
33188.0,6,oculta
33191.200000000004,1,sensorial
33200.5,7,oculta
33203.200000000004,5,oculta
33204.100000000006,0,sensorial
33204.100000000006,2,sensorial
33204.2,4,sensorial
33208.3,3,sensorial
33208.3,12,pfc
33208.3,13,pfc
33208.3,14,pfc
33208.5,6,oculta
33211.7,1,sensorial
33216.3,7,oculta
33219.9,2,sensorial
33221.299999999996,0,sensorial
33222.0,4,sensorial
33222.100000000006,5,oculta
33226.3,6,oculta
33229.5,1,sensorial
33230.4,3,sensorial
33230.4,12,pfc
33230.4,13,pfc
33230.4,14,pfc
33232.600000000006,7,oculta
33236.200000000004,2,sensorial
33240.0,0,sensorial
33240.200000000004,4,sensorial
33241.100000000006,5,oculta
33244.4,6,oculta
33247.6,1,sensorial
33250.700000000004,7,oculta
33252.50000000001,3,sensorial
33252.50000000001,12,pfc
33252.50000000001,13,pfc
33252.50000000001,14,pfc
33254.3,2,sensorial
33258.50000000001,4,sensorial
33258.700000000004,0,sensorial
33260.00000000001,5,oculta
33263.1,6,oculta
33266.3,1,sensorial
33269.4,7,oculta
33273.0,2,sensorial
33274.6,3,sensorial
33274.6,12,pfc
33274.6,13,pfc
33274.6,14,pfc
33276.7,4,sensorial
33277.3,0,sensorial
33278.9,5,oculta
33281.7,6,oculta
33284.9,1,sensorial
33288.0,7,oculta
33291.6,2,sensorial
33294.8,4,sensorial
33295.9,0,sensorial
33296.7,3,sensorial
33296.7,12,pfc
33296.7,13,pfc
33296.7,14,pfc
33297.8,5,oculta
33300.3,6,oculta
33303.5,1,sensorial
33306.600000000006,7,oculta
33310.200000000004,2,sensorial
33312.8,4,sensorial
33314.5,0,sensorial
33316.1,5,oculta
33318.8,3,sensorial
33318.8,12,pfc
33318.8,13,pfc
33318.8,14,pfc
33318.9,6,oculta
33322.1,1,sensorial
33325.200000000004,7,oculta
33328.8,2,sensorial
33330.600000000006,4,sensorial
33333.1,0,sensorial
33334.0,5,oculta
33337.5,6,oculta
33340.7,1,sensorial
33340.9,3,sensorial
33340.9,12,pfc
33340.9,13,pfc
33340.9,14,pfc
33343.8,7,oculta
33347.4,2,sensorial
33348.2,4,sensorial
33351.7,0,sensorial
33352.299999999996,5,oculta
33356.100000000006,6,oculta
33359.3,1,sensorial
33362.4,7,oculta
33363.0,3,sensorial
33363.0,12,pfc
33363.0,13,pfc
33363.0,14,pfc
33365.4,4,sensorial
33366.0,2,sensorial
33370.3,0,sensorial
33370.9,5,oculta
33374.700000000004,6,oculta
33377.9,1,sensorial
33381.0,7,oculta
33383.8,4,sensorial
33384.6,2,sensorial
33385.1,3,sensorial
33385.1,12,pfc
33385.1,13,pfc
33385.1,14,pfc
33388.9,0,sensorial
33389.4,5,oculta
33393.3,6,oculta
33396.5,1,sensorial
33399.6,7,oculta
33402.4,4,sensorial
33403.2,2,sensorial
33407.200000000004,3,sensorial
33407.200000000004,12,pfc
33407.200000000004,13,pfc
33407.200000000004,14,pfc
33407.5,0,sensorial
33408.0,5,oculta
33411.9,6,oculta
33415.1,1,sensorial
33418.2,7,oculta
33421.0,4,sensorial
33421.8,2,sensorial
33426.1,0,sensorial
33426.3,5,oculta
33429.3,3,sensorial
33429.3,12,pfc
33429.3,13,pfc
33429.3,14,pfc
33430.5,6,oculta
33433.700000000004,1,sensorial
33436.799999999996,7,oculta
33439.6,4,sensorial
33440.4,2,sensorial
33443.5,5,oculta
33444.700000000004,0,sensorial
33449.1,6,oculta
33451.4,3,sensorial
33451.4,12,pfc
33451.4,13,pfc
33451.4,14,pfc
33452.3,1,sensorial
33455.4,7,oculta
33458.200000000004,4,sensorial
33459.0,2,sensorial
33460.700000000004,5,oculta
33463.3,0,sensorial
33467.7,6,oculta
33470.9,1,sensorial
33473.5,3,sensorial
33473.5,12,pfc
33473.5,13,pfc
33473.5,14,pfc
33474.0,7,oculta
33476.8,4,sensorial
33477.6,2,sensorial
33478.5,5,oculta
33481.9,0,sensorial
33486.299999999996,6,oculta
33489.5,1,sensorial
33492.600000000006,7,oculta
33495.4,4,sensorial
33495.600000000006,3,sensorial
33495.600000000006,12,pfc
33495.600000000006,13,pfc
33495.600000000006,14,pfc
33495.9,5,oculta
33496.200000000004,2,sensorial
